--
-- PostgreSQL database dump
--

-- Dumped from database version 16.3
-- Dumped by pg_dump version 16.3

SET statement_timeout = 0;
SET lock_timeout = 0;
SET idle_in_transaction_session_timeout = 0;
SET client_encoding = 'UTF8';
SET standard_conforming_strings = on;
SELECT pg_catalog.set_config('search_path', '', false);
SET check_function_bodies = false;
SET xmloption = content;
SET client_min_messages = warning;
SET row_security = off;

SET default_tablespace = '';

SET default_table_access_method = heap;

--
-- Name: auth_group; Type: TABLE; Schema: public; Owner: thlee
--

CREATE TABLE public.auth_group (
    id integer NOT NULL,
    name character varying(150) NOT NULL
);


ALTER TABLE public.auth_group OWNER TO thlee;

--
-- Name: auth_group_id_seq; Type: SEQUENCE; Schema: public; Owner: thlee
--

ALTER TABLE public.auth_group ALTER COLUMN id ADD GENERATED BY DEFAULT AS IDENTITY (
    SEQUENCE NAME public.auth_group_id_seq
    START WITH 1
    INCREMENT BY 1
    NO MINVALUE
    NO MAXVALUE
    CACHE 1
);


--
-- Name: auth_group_permissions; Type: TABLE; Schema: public; Owner: thlee
--

CREATE TABLE public.auth_group_permissions (
    id bigint NOT NULL,
    group_id integer NOT NULL,
    permission_id integer NOT NULL
);


ALTER TABLE public.auth_group_permissions OWNER TO thlee;

--
-- Name: auth_group_permissions_id_seq; Type: SEQUENCE; Schema: public; Owner: thlee
--

ALTER TABLE public.auth_group_permissions ALTER COLUMN id ADD GENERATED BY DEFAULT AS IDENTITY (
    SEQUENCE NAME public.auth_group_permissions_id_seq
    START WITH 1
    INCREMENT BY 1
    NO MINVALUE
    NO MAXVALUE
    CACHE 1
);


--
-- Name: auth_permission; Type: TABLE; Schema: public; Owner: thlee
--

CREATE TABLE public.auth_permission (
    id integer NOT NULL,
    name character varying(255) NOT NULL,
    content_type_id integer NOT NULL,
    codename character varying(100) NOT NULL
);


ALTER TABLE public.auth_permission OWNER TO thlee;

--
-- Name: auth_permission_id_seq; Type: SEQUENCE; Schema: public; Owner: thlee
--

ALTER TABLE public.auth_permission ALTER COLUMN id ADD GENERATED BY DEFAULT AS IDENTITY (
    SEQUENCE NAME public.auth_permission_id_seq
    START WITH 1
    INCREMENT BY 1
    NO MINVALUE
    NO MAXVALUE
    CACHE 1
);


--
-- Name: corps_corp; Type: TABLE; Schema: public; Owner: thlee
--

CREATE TABLE public.corps_corp (
    id bigint NOT NULL,
    name character varying(255) NOT NULL,
    owner_id bigint NOT NULL
);


ALTER TABLE public.corps_corp OWNER TO thlee;

--
-- Name: corps_corp_id_seq; Type: SEQUENCE; Schema: public; Owner: thlee
--

ALTER TABLE public.corps_corp ALTER COLUMN id ADD GENERATED BY DEFAULT AS IDENTITY (
    SEQUENCE NAME public.corps_corp_id_seq
    START WITH 1
    INCREMENT BY 1
    NO MINVALUE
    NO MAXVALUE
    CACHE 1
);


--
-- Name: django_admin_log; Type: TABLE; Schema: public; Owner: thlee
--

CREATE TABLE public.django_admin_log (
    id integer NOT NULL,
    action_time timestamp with time zone NOT NULL,
    object_id text,
    object_repr character varying(200) NOT NULL,
    action_flag smallint NOT NULL,
    change_message text NOT NULL,
    content_type_id integer,
    user_id bigint NOT NULL,
    CONSTRAINT django_admin_log_action_flag_check CHECK ((action_flag >= 0))
);


ALTER TABLE public.django_admin_log OWNER TO thlee;

--
-- Name: django_admin_log_id_seq; Type: SEQUENCE; Schema: public; Owner: thlee
--

ALTER TABLE public.django_admin_log ALTER COLUMN id ADD GENERATED BY DEFAULT AS IDENTITY (
    SEQUENCE NAME public.django_admin_log_id_seq
    START WITH 1
    INCREMENT BY 1
    NO MINVALUE
    NO MAXVALUE
    CACHE 1
);


--
-- Name: django_content_type; Type: TABLE; Schema: public; Owner: thlee
--

CREATE TABLE public.django_content_type (
    id integer NOT NULL,
    app_label character varying(100) NOT NULL,
    model character varying(100) NOT NULL
);


ALTER TABLE public.django_content_type OWNER TO thlee;

--
-- Name: django_content_type_id_seq; Type: SEQUENCE; Schema: public; Owner: thlee
--

ALTER TABLE public.django_content_type ALTER COLUMN id ADD GENERATED BY DEFAULT AS IDENTITY (
    SEQUENCE NAME public.django_content_type_id_seq
    START WITH 1
    INCREMENT BY 1
    NO MINVALUE
    NO MAXVALUE
    CACHE 1
);


--
-- Name: django_migrations; Type: TABLE; Schema: public; Owner: thlee
--

CREATE TABLE public.django_migrations (
    id bigint NOT NULL,
    app character varying(255) NOT NULL,
    name character varying(255) NOT NULL,
    applied timestamp with time zone NOT NULL
);


ALTER TABLE public.django_migrations OWNER TO thlee;

--
-- Name: django_migrations_id_seq; Type: SEQUENCE; Schema: public; Owner: thlee
--

ALTER TABLE public.django_migrations ALTER COLUMN id ADD GENERATED BY DEFAULT AS IDENTITY (
    SEQUENCE NAME public.django_migrations_id_seq
    START WITH 1
    INCREMENT BY 1
    NO MINVALUE
    NO MAXVALUE
    CACHE 1
);


--
-- Name: django_session; Type: TABLE; Schema: public; Owner: thlee
--

CREATE TABLE public.django_session (
    session_key character varying(40) NOT NULL,
    session_data text NOT NULL,
    expire_date timestamp with time zone NOT NULL
);


ALTER TABLE public.django_session OWNER TO thlee;

--
-- Name: etfs_etf; Type: TABLE; Schema: public; Owner: thlee
--

CREATE TABLE public.etfs_etf (
    id bigint NOT NULL,
    name character varying(100) NOT NULL,
    etf_type character varying(50) NOT NULL,
    code character varying(50),
    total_amount integer NOT NULL,
    lowest_amount integer NOT NULL,
    announcing_start_date timestamp with time zone NOT NULL,
    announcing_end_date timestamp with time zone,
    announcing_duration integer NOT NULL,
    fundraising_start_date timestamp with time zone NOT NULL,
    fundraising_end_date timestamp with time zone,
    fundraising_duration integer NOT NULL,
    "ETF_duration" integer NOT NULL,
    description text,
    current_investment numeric(12,2) NOT NULL,
    created_at timestamp with time zone NOT NULL,
    category_id character varying(10) NOT NULL,
    creator_id bigint NOT NULL,
    is_open boolean NOT NULL
);


ALTER TABLE public.etfs_etf OWNER TO thlee;

--
-- Name: etfs_etf_id_seq; Type: SEQUENCE; Schema: public; Owner: thlee
--

ALTER TABLE public.etfs_etf ALTER COLUMN id ADD GENERATED BY DEFAULT AS IDENTITY (
    SEQUENCE NAME public.etfs_etf_id_seq
    START WITH 1
    INCREMENT BY 1
    NO MINVALUE
    NO MAXVALUE
    CACHE 1
);


--
-- Name: etfs_etfcategorytype; Type: TABLE; Schema: public; Owner: thlee
--

CREATE TABLE public.etfs_etfcategorytype (
    id bigint NOT NULL,
    category_code character varying(10) NOT NULL,
    category character varying(100) NOT NULL,
    subcategory_code character varying(10) NOT NULL,
    subcategory_name character varying(100) NOT NULL
);


ALTER TABLE public.etfs_etfcategorytype OWNER TO thlee;

--
-- Name: etfs_etfcategorytype_id_seq; Type: SEQUENCE; Schema: public; Owner: thlee
--

ALTER TABLE public.etfs_etfcategorytype ALTER COLUMN id ADD GENERATED BY DEFAULT AS IDENTITY (
    SEQUENCE NAME public.etfs_etfcategorytype_id_seq
    START WITH 1
    INCREMENT BY 1
    NO MINVALUE
    NO MAXVALUE
    CACHE 1
);


--
-- Name: etfs_useretf; Type: TABLE; Schema: public; Owner: thlee
--

CREATE TABLE public.etfs_useretf (
    id bigint NOT NULL,
    transaction_number character varying(15) NOT NULL,
    joined_date timestamp with time zone NOT NULL,
    leave_date timestamp with time zone,
    investment_amount integer NOT NULL,
    etf_id bigint NOT NULL,
    user_id bigint NOT NULL
);


ALTER TABLE public.etfs_useretf OWNER TO thlee;

--
-- Name: etfs_useretf_id_seq; Type: SEQUENCE; Schema: public; Owner: thlee
--

ALTER TABLE public.etfs_useretf ALTER COLUMN id ADD GENERATED BY DEFAULT AS IDENTITY (
    SEQUENCE NAME public.etfs_useretf_id_seq
    START WITH 1
    INCREMENT BY 1
    NO MINVALUE
    NO MAXVALUE
    CACHE 1
);


--
-- Name: token_blacklist_blacklistedtoken; Type: TABLE; Schema: public; Owner: thlee
--

CREATE TABLE public.token_blacklist_blacklistedtoken (
    id bigint NOT NULL,
    blacklisted_at timestamp with time zone NOT NULL,
    token_id bigint NOT NULL
);


ALTER TABLE public.token_blacklist_blacklistedtoken OWNER TO thlee;

--
-- Name: token_blacklist_blacklistedtoken_id_seq; Type: SEQUENCE; Schema: public; Owner: thlee
--

ALTER TABLE public.token_blacklist_blacklistedtoken ALTER COLUMN id ADD GENERATED BY DEFAULT AS IDENTITY (
    SEQUENCE NAME public.token_blacklist_blacklistedtoken_id_seq
    START WITH 1
    INCREMENT BY 1
    NO MINVALUE
    NO MAXVALUE
    CACHE 1
);


--
-- Name: token_blacklist_outstandingtoken; Type: TABLE; Schema: public; Owner: thlee
--

CREATE TABLE public.token_blacklist_outstandingtoken (
    id bigint NOT NULL,
    token text NOT NULL,
    created_at timestamp with time zone,
    expires_at timestamp with time zone NOT NULL,
    user_id bigint,
    jti character varying(255) NOT NULL
);


ALTER TABLE public.token_blacklist_outstandingtoken OWNER TO thlee;

--
-- Name: token_blacklist_outstandingtoken_id_seq; Type: SEQUENCE; Schema: public; Owner: thlee
--

ALTER TABLE public.token_blacklist_outstandingtoken ALTER COLUMN id ADD GENERATED BY DEFAULT AS IDENTITY (
    SEQUENCE NAME public.token_blacklist_outstandingtoken_id_seq
    START WITH 1
    INCREMENT BY 1
    NO MINVALUE
    NO MAXVALUE
    CACHE 1
);


--
-- Name: userauths_user; Type: TABLE; Schema: public; Owner: thlee
--

CREATE TABLE public.userauths_user (
    id bigint NOT NULL,
    password character varying(128) NOT NULL,
    last_login timestamp with time zone,
    is_superuser boolean NOT NULL,
    first_name character varying(150) NOT NULL,
    last_name character varying(150) NOT NULL,
    is_staff boolean NOT NULL,
    is_active boolean NOT NULL,
    date_joined timestamp with time zone NOT NULL,
    username character varying(100) NOT NULL,
    email character varying(254) NOT NULL,
    full_name character varying(100),
    phone character varying(100),
    otp character varying(100),
    reset_token character varying(1000),
    corp_id bigint
);


ALTER TABLE public.userauths_user OWNER TO thlee;

--
-- Name: userauths_user_groups; Type: TABLE; Schema: public; Owner: thlee
--

CREATE TABLE public.userauths_user_groups (
    id bigint NOT NULL,
    user_id bigint NOT NULL,
    group_id integer NOT NULL
);


ALTER TABLE public.userauths_user_groups OWNER TO thlee;

--
-- Name: userauths_user_groups_id_seq; Type: SEQUENCE; Schema: public; Owner: thlee
--

ALTER TABLE public.userauths_user_groups ALTER COLUMN id ADD GENERATED BY DEFAULT AS IDENTITY (
    SEQUENCE NAME public.userauths_user_groups_id_seq
    START WITH 1
    INCREMENT BY 1
    NO MINVALUE
    NO MAXVALUE
    CACHE 1
);


--
-- Name: userauths_user_id_seq; Type: SEQUENCE; Schema: public; Owner: thlee
--

ALTER TABLE public.userauths_user ALTER COLUMN id ADD GENERATED BY DEFAULT AS IDENTITY (
    SEQUENCE NAME public.userauths_user_id_seq
    START WITH 1
    INCREMENT BY 1
    NO MINVALUE
    NO MAXVALUE
    CACHE 1
);


--
-- Name: userauths_user_user_permissions; Type: TABLE; Schema: public; Owner: thlee
--

CREATE TABLE public.userauths_user_user_permissions (
    id bigint NOT NULL,
    user_id bigint NOT NULL,
    permission_id integer NOT NULL
);


ALTER TABLE public.userauths_user_user_permissions OWNER TO thlee;

--
-- Name: userauths_user_user_permissions_id_seq; Type: SEQUENCE; Schema: public; Owner: thlee
--

ALTER TABLE public.userauths_user_user_permissions ALTER COLUMN id ADD GENERATED BY DEFAULT AS IDENTITY (
    SEQUENCE NAME public.userauths_user_user_permissions_id_seq
    START WITH 1
    INCREMENT BY 1
    NO MINVALUE
    NO MAXVALUE
    CACHE 1
);


--
-- Data for Name: auth_group; Type: TABLE DATA; Schema: public; Owner: thlee
--

COPY public.auth_group (id, name) FROM stdin;
\.


--
-- Data for Name: auth_group_permissions; Type: TABLE DATA; Schema: public; Owner: thlee
--

COPY public.auth_group_permissions (id, group_id, permission_id) FROM stdin;
\.


--
-- Data for Name: auth_permission; Type: TABLE DATA; Schema: public; Owner: thlee
--

COPY public.auth_permission (id, name, content_type_id, codename) FROM stdin;
1	Can add log entry	1	add_logentry
2	Can change log entry	1	change_logentry
3	Can delete log entry	1	delete_logentry
4	Can view log entry	1	view_logentry
5	Can add permission	2	add_permission
6	Can change permission	2	change_permission
7	Can delete permission	2	delete_permission
8	Can view permission	2	view_permission
9	Can add group	3	add_group
10	Can change group	3	change_group
11	Can delete group	3	delete_group
12	Can view group	3	view_group
13	Can add content type	4	add_contenttype
14	Can change content type	4	change_contenttype
15	Can delete content type	4	delete_contenttype
16	Can view content type	4	view_contenttype
17	Can add session	5	add_session
18	Can change session	5	change_session
19	Can delete session	5	delete_session
20	Can view session	5	view_session
21	Can add user	6	add_user
22	Can change user	6	change_user
23	Can delete user	6	delete_user
24	Can view user	6	view_user
25	Can add etf	7	add_etf
26	Can change etf	7	change_etf
27	Can delete etf	7	delete_etf
28	Can view etf	7	view_etf
29	Can add etf category type	8	add_etfcategorytype
30	Can change etf category type	8	change_etfcategorytype
31	Can delete etf category type	8	delete_etfcategorytype
32	Can view etf category type	8	view_etfcategorytype
33	Can add user etf	9	add_useretf
34	Can change user etf	9	change_useretf
35	Can delete user etf	9	delete_useretf
36	Can view user etf	9	view_useretf
37	Can add blacklisted token	10	add_blacklistedtoken
38	Can change blacklisted token	10	change_blacklistedtoken
39	Can delete blacklisted token	10	delete_blacklistedtoken
40	Can view blacklisted token	10	view_blacklistedtoken
41	Can add outstanding token	11	add_outstandingtoken
42	Can change outstanding token	11	change_outstandingtoken
43	Can delete outstanding token	11	delete_outstandingtoken
44	Can view outstanding token	11	view_outstandingtoken
45	Can add corp	12	add_corp
46	Can change corp	12	change_corp
47	Can delete corp	12	delete_corp
48	Can view corp	12	view_corp
49	Can add corp	13	add_corp
50	Can change corp	13	change_corp
51	Can delete corp	13	delete_corp
52	Can view corp	13	view_corp
\.


--
-- Data for Name: corps_corp; Type: TABLE DATA; Schema: public; Owner: thlee
--

COPY public.corps_corp (id, name, owner_id) FROM stdin;
\.


--
-- Data for Name: django_admin_log; Type: TABLE DATA; Schema: public; Owner: thlee
--

COPY public.django_admin_log (id, action_time, object_id, object_repr, action_flag, change_message, content_type_id, user_id) FROM stdin;
\.


--
-- Data for Name: django_content_type; Type: TABLE DATA; Schema: public; Owner: thlee
--

COPY public.django_content_type (id, app_label, model) FROM stdin;
1	admin	logentry
2	auth	permission
3	auth	group
4	contenttypes	contenttype
5	sessions	session
6	userauths	user
7	etfs	etf
8	etfs	etfcategorytype
9	etfs	useretf
10	token_blacklist	blacklistedtoken
11	token_blacklist	outstandingtoken
12	userauths	corp
13	corps	corp
\.


--
-- Data for Name: django_migrations; Type: TABLE DATA; Schema: public; Owner: thlee
--

COPY public.django_migrations (id, app, name, applied) FROM stdin;
1	contenttypes	0001_initial	2024-09-06 15:58:15.115619+08
2	contenttypes	0002_remove_content_type_name	2024-09-06 15:58:15.131668+08
3	auth	0001_initial	2024-09-06 15:58:15.245741+08
4	auth	0002_alter_permission_name_max_length	2024-09-06 15:58:15.255785+08
5	auth	0003_alter_user_email_max_length	2024-09-06 15:58:15.269264+08
6	auth	0004_alter_user_username_opts	2024-09-06 15:58:15.284713+08
7	auth	0005_alter_user_last_login_null	2024-09-06 15:58:15.298044+08
8	auth	0006_require_contenttypes_0002	2024-09-06 15:58:15.307426+08
9	auth	0007_alter_validators_add_error_messages	2024-09-06 15:58:15.319732+08
10	auth	0008_alter_user_username_max_length	2024-09-06 15:58:15.332914+08
11	auth	0009_alter_user_last_name_max_length	2024-09-06 15:58:15.346319+08
12	auth	0010_alter_group_name_max_length	2024-09-06 15:58:15.371276+08
13	auth	0011_update_proxy_permissions	2024-09-06 15:58:15.393679+08
14	auth	0012_alter_user_first_name_max_length	2024-09-06 15:58:15.408667+08
15	userauths	0001_initial	2024-09-06 15:58:15.493609+08
16	admin	0001_initial	2024-09-06 15:58:15.532761+08
17	admin	0002_logentry_remove_auto_add	2024-09-06 15:58:15.550301+08
18	admin	0003_logentry_add_action_flag_choices	2024-09-06 15:58:15.564774+08
21	sessions	0001_initial	2024-09-06 15:58:15.743056+08
22	token_blacklist	0001_initial	2024-09-06 15:58:15.813714+08
23	token_blacklist	0002_outstandingtoken_jti_hex	2024-09-06 15:58:15.834568+08
24	token_blacklist	0003_auto_20171017_2007	2024-09-06 15:58:15.867596+08
25	token_blacklist	0004_auto_20171017_2013	2024-09-06 15:58:15.904168+08
26	token_blacklist	0005_remove_outstandingtoken_jti	2024-09-06 15:58:15.920493+08
27	token_blacklist	0006_auto_20171017_2113	2024-09-06 15:58:15.945928+08
28	token_blacklist	0007_auto_20171017_2214	2024-09-06 15:58:15.998979+08
29	token_blacklist	0008_migrate_to_bigautofield	2024-09-06 15:58:16.076408+08
30	token_blacklist	0010_fix_migrate_to_bigautofield	2024-09-06 15:58:16.104006+08
31	token_blacklist	0011_linearizes_history	2024-09-06 15:58:16.108539+08
32	token_blacklist	0012_alter_outstandingtoken_user	2024-09-06 15:58:16.124635+08
33	etfs	0003_alter_useretf_joined_date	2024-09-09 13:48:11.243445+08
34	userauths	0002_user_current_role_corp_user_corp	2024-09-09 13:48:11.392155+08
35	corps	0001_initial	2024-09-09 15:12:46.62786+08
36	etfs	0004_etf_corp	2024-09-09 15:12:46.669848+08
37	userauths	0003_alter_user_corp_delete_corp	2024-09-10 09:46:11.505724+08
38	etfs	0005_alter_useretf_unique_together	2024-09-20 13:57:53.905182+08
39	etfs	0006_etf_total_invested_useretf_investment_amount_and_more	2024-09-20 18:02:56.26318+08
40	etfs	0007_alter_useretf_is_fundraising	2024-09-23 09:35:13.305106+08
41	etfs	0008_remove_useretf_is_fundraising	2024-09-23 09:56:09.590122+08
42	etfs	0009_alter_etf_lowest_amount_alter_etf_total_amount_and_more	2024-09-23 14:00:17.502641+08
45	etfs	0003_remove_etf_total_invested	2024-09-24 09:36:23.12973+08
47	etfs	0001_initial	2024-10-01 09:59:44.28871+08
48	etfs	0002_initial	2024-10-01 09:59:44.387815+08
49	etfs	0003_alter_useretf_transaction_number	2024-10-01 09:59:44.437963+08
50	etfs	0003_alter_etf_lowest_amount_alter_etf_total_amount	2024-10-07 13:42:16.658386+08
51	etfs	0004_alter_etf_current_investment	2024-10-07 13:44:47.560797+08
52	etfs	0005_alter_etf_lowest_amount_alter_etf_total_amount	2024-10-07 13:45:40.303616+08
53	etfs	0006_etf_is_open	2024-10-07 14:21:44.190463+08
54	userauths	0003_remove_user_current_role	2024-10-11 15:38:58.941468+08
55	userauths	0002_remove_user_current_role	2024-10-11 15:40:39.723571+08
\.


--
-- Data for Name: django_session; Type: TABLE DATA; Schema: public; Owner: thlee
--

COPY public.django_session (session_key, session_data, expire_date) FROM stdin;
\.


--
-- Data for Name: etfs_etf; Type: TABLE DATA; Schema: public; Owner: thlee
--

COPY public.etfs_etf (id, name, etf_type, code, total_amount, lowest_amount, announcing_start_date, announcing_end_date, announcing_duration, fundraising_start_date, fundraising_end_date, fundraising_duration, "ETF_duration", description, current_investment, created_at, category_id, creator_id, is_open) FROM stdin;
3	採土業	全球共享經濟ETF	B617271449934SDk	990000	20000	2024-11-24 10:27:00+08	2024-12-14 10:27:00+08	20	2024-12-14 10:27:00+08	2025-04-14 10:27:00+08	4	12		0.00	2024-09-24 10:29:53.858173+08	B6	1	t
8	公告ETF	全球共享經濟ETF	D21727690243J75i	10000000	50000	2024-09-24 17:56:00+08	2024-10-24 17:56:00+08	30	2024-10-24 17:56:00+08	2025-04-24 17:56:00+08	6	4		0.00	2024-09-30 17:57:23.39072+08	D2	1	t
9	創立測試	全球共享經濟ETF	J91727769006vrvG	20000000	1000000	2024-09-30 15:49:00+08	2024-10-14 15:49:00+08	14	2024-10-14 15:49:00+08	2025-01-14 15:49:00+08	3	3		0.00	2024-10-01 15:50:06.826425+08	J9	2	t
10	隨便打	全球共享經濟ETF	D51728287894oZkj	30000000	60000	2024-10-07 15:52:00.053536+08	2024-10-27 15:52:00.053536+08	20	2024-10-27 15:52:00.053536+08	2025-02-27 15:52:00.053536+08	4	12		0.00	2024-10-07 15:58:14.951777+08	D5	2	t
7	大賣場	全球共享經濟ETF	F21727157867ob5V	10000000	30000	2024-08-24 14:04:00+08	2024-09-13 14:04:00+08	20	2024-09-13 14:04:00+08	2025-02-13 14:04:00+08	5	4		500000.00	2024-09-24 14:04:27.964928+08	F2	1	t
6	管道管道	全球共享經濟ETF	E51727149552JiAq	5000000	30000	2024-08-24 11:43:00+08	2024-09-08 11:43:00+08	15	2024-09-08 11:43:00+08	2025-01-08 11:43:00+08	4	3		5000000.00	2024-09-24 11:45:52.707125+08	E5	2	f
11	已關閉的ETF	全球共享經濟ETF	F41728440589BMfQ	40000000	20000	2024-01-09 10:21:00+08	2024-01-16 10:21:00+08	7	2024-01-16 10:21:00+08	2024-02-16 10:21:00+08	1	12		0.00	2024-10-09 10:23:09.103678+08	F4	1	t
13	默契	全球共享經濟ETF	E41728441498pUnR	30000000	100000	2024-09-02 10:39:00+08	2024-09-09 10:39:00+08	7	2024-09-09 10:39:00+08	2024-10-09 10:39:00+08	1	14		0.00	2024-10-09 10:38:18.080059+08	E4	2	t
14	小氣	全球共享經濟ETF	G71728441664BFzJ	20000000	40000	2024-09-02 10:42:00+08	2024-09-09 10:42:00+08	7	2024-09-09 10:42:00+08	2024-10-09 10:42:00+08	1	3		700000.00	2024-10-09 10:41:04.718696+08	G7	1	t
15	保持	全球共享經濟ETF	J81728637180MVM2	5000000	120000	2024-10-01 16:58:00+08	2024-10-31 16:58:00+08	30	2024-10-31 16:58:00+08	2025-02-28 16:58:00+08	4	12		0.00	2024-10-11 16:59:40.779076+08	J8	2	t
16	104	全球共享經濟ETF	I717286372773pSt	12000000	50000	2024-10-01 17:00:00+08	2024-10-26 17:00:00+08	25	2024-10-26 17:00:00+08	2025-02-26 17:00:00+08	4	3		0.00	2024-10-11 17:01:17.710825+08	I7	2	t
17	有巢氏	全球共享經濟ETF	H717286374496Bsz	15000000	80000	2024-10-01 17:03:00+08	2024-10-16 17:03:00+08	15	2024-10-16 17:03:00+08	2025-04-16 17:03:00+08	6	3		0.00	2024-10-11 17:04:09.233021+08	H7	2	t
18	台電	全球共享經濟ETF	D11728637574FFKU	18000000	60000	2024-10-01 17:05:00+08	2024-10-22 17:05:00+08	21	2024-10-22 17:05:00+08	2025-03-22 17:05:00+08	5	4		0.00	2024-10-11 17:06:14.734865+08	D1	2	t
19	小農經濟	全球共享經濟ETF	A11728637618SUW4	22000000	20000	2024-10-01 17:06:00+08	2024-10-31 17:06:00+08	30	2024-10-31 17:06:00+08	2025-02-28 17:06:00+08	4	12		0.00	2024-10-11 17:06:58.550888+08	A1	2	t
20	種花電信	全球共享經濟ETF	E71728637672baKV	15000000	50000	2024-10-01 17:07:00+08	2024-10-16 17:07:00+08	15	2024-10-16 17:07:00+08	2025-02-16 17:07:00+08	4	12		0.00	2024-10-11 17:07:52.287189+08	E7	2	t
21	中華郵政	全球共享經濟ETF	GA1728637735Eyiu	10000000	30000	2024-10-01 17:08:00+08	2024-10-19 17:08:00+08	18	2024-10-19 17:08:00+08	2025-01-19 17:08:00+08	3	12		0.00	2024-10-11 17:08:55.700385+08	GA	2	t
22	台水	全球共享經濟ETF	D317286382087qdf	8000000	100000	2024-10-01 17:16:00+08	2024-10-31 17:16:00+08	30	2024-10-31 17:16:00+08	2025-02-28 17:16:00+08	4	3		0.00	2024-10-11 17:16:48.41804+08	D3	2	t
23	義美	全球共享經濟ETF	C11728638287qJdM	30000000	120000	2024-10-01 17:17:00+08	2024-10-29 17:17:00+08	28	2024-10-29 17:17:00+08	2025-02-28 17:17:00+08	4	12		0.00	2024-10-11 17:18:07.728072+08	C1	2	t
\.


--
-- Data for Name: etfs_etfcategorytype; Type: TABLE DATA; Schema: public; Owner: thlee
--

COPY public.etfs_etfcategorytype (id, category_code, category, subcategory_code, subcategory_name) FROM stdin;
1	A	農、林、漁、牧業	A1	農業
2	A	農、林、漁、牧業	A2	林業及伐木業
3	A	農、林、漁、牧業	A3	漁業
4	A	農、林、漁、牧業	A4	牧業
5	B	礦業及土石採取業	B1	能源礦業
6	B	礦業及土石採取業	B2	其他礦業
7	B	礦業及土石採取業	B6	土石採取業
8	C	製造業	C1	食品、飲料及菸類製造業
9	C	製造業	C2	飼料及寵物食品製造業
10	C	製造業	C3	紡織、成衣、服飾品及紡織製品製造業
11	C	製造業	C4	皮革、毛皮及其製品製造業
12	C	製造業	C5	木竹製品製造業
13	C	製造業	C6	紙漿、紙及紙製品業
14	C	製造業	C7	印刷及其輔助業
15	C	製造業	C8	化學業
16	C	製造業	C9	非金屬礦物製品製造業
17	C	製造業	CA	金屬業
18	D	水電燃氣業	D1	電力供應業
19	D	水電燃氣業	D2	氣體燃料供應業
20	D	水電燃氣業	D3	自來水供應業
21	D	水電燃氣業	D4	熱能供應業
22	D	水電燃氣業	D5	溫泉取供業
23	D	水電燃氣業	D6	再生水經營業
24	E	營造及工程業	E1	營造業
25	E	營造及工程業	E4	海事工程業
26	E	營造及工程業	E5	管道工程業
27	E	營造及工程業	E6	機電工程業
28	E	營造及工程業	E7	電信工程業
29	E	營造及工程業	E8	建物裝修及裝潢業
30	E	營造及工程業	E9	油漆及防蝕工程業
31	E	營造及工程業	EZ	其他工程業
32	F	批發、零售及餐飲業	F1	批發業
33	F	批發、零售及餐飲業	F2	零售業
34	F	批發、零售及餐飲業	F3	綜合零售業
35	F	批發、零售及餐飲業	F4	國際貿易業
36	F	批發、零售及餐飲業	F5	餐飲業
37	F	批發、零售及餐飲業	F6	智慧財產權業
38	G	運輸、倉儲及通信業	G1	陸上運輸業
39	G	運輸、倉儲及通信業	G2	陸上運輸輔助業
40	G	運輸、倉儲及通信業	G3	水上運輸業
41	G	運輸、倉儲及通信業	G4	水上運輸輔助業
42	G	運輸、倉儲及通信業	G5	航空運輸業
43	G	運輸、倉儲及通信業	G6	航空運輸輔助業
44	G	運輸、倉儲及通信業	G7	其他運輸輔助業
45	G	運輸、倉儲及通信業	G8	倉儲業
46	G	運輸、倉儲及通信業	G9	電信業
47	G	運輸、倉儲及通信業	GA	郵政業
48	H	金融、保險及不動產業	H1	金融業
49	H	金融、保險及不動產業	H2	投資典當業
50	H	金融、保險及不動產業	H3	證券業
51	H	金融、保險及不動產業	H4	期貨業
52	H	金融、保險及不動產業	H5	保險業
53	H	金融、保險及不動產業	H6	保險輔助人
54	H	金融、保險及不動產業	H7	不動產業
55	H	金融、保險及不動產業	H8	金融控股公司業
56	H	金融、保險及不動產業	H9	證券期貨控股業
57	H	金融、保險及不動產業	HZ	其他金融、保險及不動產業
58	I	專業、科學及技術服務業	I1	顧問服務業
59	I	專業、科學及技術服務業	I3	資訊服務業
60	I	專業、科學及技術服務業	I4	廣告業
61	I	專業、科學及技術服務業	I5	設計業
62	I	專業、科學及技術服務業	I7	就業服務業
63	I	專業、科學及技術服務業	I8	公寓大廈管理服務業
64	I	專業、科學及技術服務業	I9	保全業
65	I	專業、科學及技術服務業	IA	工業檢驗業
66	I	專業、科學及技術服務業	IB	建築物公共安全檢查業
67	I	專業、科學及技術服務業	IC	藥品檢驗業
68	J	文化、運動、休閒及其他服務業	J1	環保服務業
69	J	文化、運動、休閒及其他服務業	J2	訓練服務業
70	J	文化、運動、休閒及其他服務業	J3	出版事業
71	J	文化、運動、休閒及其他服務業	J4	電影事業
72	J	文化、運動、休閒及其他服務業	J5	廣播電視業
73	J	文化、運動、休閒及其他服務業	J6	藝文業
74	J	文化、運動、休閒及其他服務業	J7	休閒、娛樂服務業
75	J	文化、運動、休閒及其他服務業	J8	運動服務業
76	J	文化、運動、休閒及其他服務業	J9	觀光及旅遊服務業
77	J	文化、運動、休閒及其他服務業	JA	個人服務業
78	Z	其他未分類業	ZZ	其他未分類業
\.


--
-- Data for Name: etfs_useretf; Type: TABLE DATA; Schema: public; Owner: thlee
--

COPY public.etfs_useretf (id, transaction_number, joined_date, leave_date, investment_amount, etf_id, user_id) FROM stdin;
11	1728288697WDMh	2024-10-07 16:11:37.337214+08	2025-02-07 16:11:37.337214+08	500000	7	2
12	1728437290Fy76	2024-10-09 09:28:10.3671+08	2025-01-09 09:28:10.3671+08	5000000	6	1
14	1728441684LAth	2024-10-09 10:41:24.500162+08	2025-01-09 10:41:24.500162+08	400000	14	2
15	1728441691kC5y	2024-10-09 10:41:31.40856+08	2025-01-09 10:41:31.40856+08	300000	14	2
\.


--
-- Data for Name: token_blacklist_blacklistedtoken; Type: TABLE DATA; Schema: public; Owner: thlee
--

COPY public.token_blacklist_blacklistedtoken (id, blacklisted_at, token_id) FROM stdin;
\.


--
-- Data for Name: token_blacklist_outstandingtoken; Type: TABLE DATA; Schema: public; Owner: thlee
--

COPY public.token_blacklist_outstandingtoken (id, token, created_at, expires_at, user_id, jti) FROM stdin;
1	eyJhbGciOiJIUzI1NiIsInR5cCI6IkpXVCJ9.eyJ0b2tlbl90eXBlIjoicmVmcmVzaCIsImV4cCI6MTcyNjgxOTEwNCwiaWF0IjoxNzI1NjA5NTA0LCJqdGkiOiI5YTg4MzUzMzZmYTM0MDA5ODQ0NGNkNGZhNzdiM2ZlYSIsInVzZXJfaWQiOjF9.BNNXKQ_Bs1Wjqrih6HnyXsNUDW-V2p1ER3PFeQhVoeY	2024-09-06 15:58:24.150676+08	2024-09-20 15:58:24+08	1	9a8835336fa340098444cd4fa77b3fea
2	eyJhbGciOiJIUzI1NiIsInR5cCI6IkpXVCJ9.eyJ0b2tlbl90eXBlIjoicmVmcmVzaCIsImV4cCI6MTcyNjgxOTI0OCwiaWF0IjoxNzI1NjA5NjQ4LCJqdGkiOiI2YjVjYTM2NWU1Y2Y0ZmYzOGQxMDVhYWFhNjk2NTdhYyIsInVzZXJfaWQiOjJ9.M4fSLsIpxFSHjJO5Q8apBXnRGa1wH1wnxoZwyyb9ksI	2024-09-06 16:00:48.169585+08	2024-09-20 16:00:48+08	2	6b5ca365e5cf4ff38d105aaaa69657ac
3	eyJhbGciOiJIUzI1NiIsInR5cCI6IkpXVCJ9.eyJ0b2tlbl90eXBlIjoicmVmcmVzaCIsImV4cCI6MTcyNjgyMzkxNywiaWF0IjoxNzI1NjE0MzE3LCJqdGkiOiI3YTE4MzMzMDdiYWY0MTgxOTIzODZkYjY0YTZlMjRkYyIsInVzZXJfaWQiOjF9.ZQ685S1VjO_6YZ-W1cl7N_5D79YIn2nHC5mH6gaLmag	2024-09-06 17:18:37.155384+08	2024-09-20 17:18:37+08	1	7a1833307baf418192386db64a6e24dc
4	eyJhbGciOiJIUzI1NiIsInR5cCI6IkpXVCJ9.eyJ0b2tlbl90eXBlIjoicmVmcmVzaCIsImV4cCI6MTcyNjgyNjA0MCwiaWF0IjoxNzI1NjE2NDQwLCJqdGkiOiIyZTE3YWJjZTliMWE0OWUzYTA1Yjg1OTIxZjcxMDczNCIsInVzZXJfaWQiOjJ9.pOZKFf0k2HWBhvS-5PwQJKfdzBmG1vz7j_fl8t50Lp4	2024-09-06 17:54:00.93641+08	2024-09-20 17:54:00+08	2	2e17abce9b1a49e3a05b85921f710734
5	eyJhbGciOiJIUzI1NiIsInR5cCI6IkpXVCJ9.eyJ0b2tlbl90eXBlIjoicmVmcmVzaCIsImV4cCI6MTcyNzA2MDIxOCwiaWF0IjoxNzI1ODUwNjE4LCJqdGkiOiIwOTQ4NGZjNzViOGM0ZDczOWJkMWNjMDZmZTBkMmExOSIsInVzZXJfaWQiOjF9.ueKvFagZkEffGIaKxntSPnHyHBccT2nGdY_OxrT3uqg	2024-09-09 10:56:58.685753+08	2024-09-23 10:56:58+08	1	09484fc75b8c4d739bd1cc06fe0d2a19
6	eyJhbGciOiJIUzI1NiIsInR5cCI6IkpXVCJ9.eyJ0b2tlbl90eXBlIjoicmVmcmVzaCIsImV4cCI6MTcyNzA3NTczOSwiaWF0IjoxNzI1ODY2MTM5LCJqdGkiOiI4YTNkM2YzODk2MTc0ZmQ0YTI5ZTZiZWViYzg4ODAyMiIsInVzZXJfaWQiOjF9.Rf0whPXRZb7HtG3r9Q5PvSwXAG9pGzuzsgbkl_AoWCY	2024-09-09 15:15:39.575755+08	2024-09-23 15:15:39+08	1	8a3d3f3896174fd4a29e6beebc888022
7	eyJhbGciOiJIUzI1NiIsInR5cCI6IkpXVCJ9.eyJ0b2tlbl90eXBlIjoicmVmcmVzaCIsImV4cCI6MTcyNzE0MDcyMSwiaWF0IjoxNzI1OTMxMTIxLCJqdGkiOiJmYjhiODFlYzkyYzc0ZjllYWZhMDgzZmZkMzU1NTlhNCIsInVzZXJfaWQiOjF9.MeW4lxWNlGOqwrdD0vo_Y3Oya0WVTpdUX7hQMKccECo	2024-09-10 09:18:41.445796+08	2024-09-24 09:18:41+08	1	fb8b81ec92c74f9eafa083ffd35559a4
8	eyJhbGciOiJIUzI1NiIsInR5cCI6IkpXVCJ9.eyJ0b2tlbl90eXBlIjoicmVmcmVzaCIsImV4cCI6MTcyNzE1MDQyOCwiaWF0IjoxNzI1OTQwODI4LCJqdGkiOiJhZWU0NGM5OWUyZTE0NDdlYjdjMjYzZGM3YTQ1ZTgxMSIsInVzZXJfaWQiOjF9.rEkRnkPbZVw3071JG9GSvKOXz-OUgVwUFuLfK8Xb-ZE	2024-09-10 12:00:28.991808+08	2024-09-24 12:00:28+08	1	aee44c99e2e1447eb7c263dc7a45e811
9	eyJhbGciOiJIUzI1NiIsInR5cCI6IkpXVCJ9.eyJ0b2tlbl90eXBlIjoicmVmcmVzaCIsImV4cCI6MTcyNzE1MDQ0NSwiaWF0IjoxNzI1OTQwODQ1LCJqdGkiOiIwN2I1NzAwNGVkZTc0NmU4YTcxMzcyNWY5NmYwZmYyMSIsInVzZXJfaWQiOjF9.XNj18kW46726Azd5QNRzr7tBqz0iwNBE1ib2JTB2I8Q	2024-09-10 12:00:45.906359+08	2024-09-24 12:00:45+08	1	07b57004ede746e8a713725f96f0ff21
10	eyJhbGciOiJIUzI1NiIsInR5cCI6IkpXVCJ9.eyJ0b2tlbl90eXBlIjoicmVmcmVzaCIsImV4cCI6MTcyNzE1NDA2MSwiaWF0IjoxNzI1OTQ0NDYxLCJqdGkiOiJhMDExNGE4OTY1YTU0ZTFhYTY3N2NjNjIyMmY4MzY3NiIsInVzZXJfaWQiOjF9.Mn-fHeK5cYNEQ95mEuVCcQueCHW5hXB42iPORSJU8hw	2024-09-10 13:01:01.000823+08	2024-09-24 13:01:01+08	1	a0114a8965a54e1aa677cc6222f83676
11	eyJhbGciOiJIUzI1NiIsInR5cCI6IkpXVCJ9.eyJ0b2tlbl90eXBlIjoicmVmcmVzaCIsImV4cCI6MTcyNzE1NDA2OSwiaWF0IjoxNzI1OTQ0NDY5LCJqdGkiOiIyZDdlNTQ4OTNkYTc0MTA4OTZhMjc0NTUyNzA3NWY0ZiIsInVzZXJfaWQiOjF9.XvNp4Vg_elTzd9OH1CA2q_-4-NQQFrVVQNo95xqFCHc	2024-09-10 13:01:09.585078+08	2024-09-24 13:01:09+08	1	2d7e54893da7410896a2745527075f4f
12	eyJhbGciOiJIUzI1NiIsInR5cCI6IkpXVCJ9.eyJ0b2tlbl90eXBlIjoicmVmcmVzaCIsImV4cCI6MTcyNzE1NDA5MSwiaWF0IjoxNzI1OTQ0NDkxLCJqdGkiOiI3ZGU3OTJiYjlmMmU0NDliOTEzOTliYTFjYTJhYzMxMiIsInVzZXJfaWQiOjF9.JtneLDCmPe_JdpWcf-GeIvjFtJdXsNnfIkysBUbpY54	2024-09-10 13:01:31.803163+08	2024-09-24 13:01:31+08	1	7de792bb9f2e449b91399ba1ca2ac312
13	eyJhbGciOiJIUzI1NiIsInR5cCI6IkpXVCJ9.eyJ0b2tlbl90eXBlIjoicmVmcmVzaCIsImV4cCI6MTcyNzE2MzY5MCwiaWF0IjoxNzI1OTU0MDkwLCJqdGkiOiJiNTAxMmYxNGZlODQ0YWNjYTU2MmE5MTNiYTNlZWQ3ZiIsInVzZXJfaWQiOjF9.XeO5yHigs7PyEXwkcu43gNY3SmqzUF_Q_oXNIY6elfE	2024-09-10 15:41:30.742033+08	2024-09-24 15:41:30+08	1	b5012f14fe844acca562a913ba3eed7f
14	eyJhbGciOiJIUzI1NiIsInR5cCI6IkpXVCJ9.eyJ0b2tlbl90eXBlIjoicmVmcmVzaCIsImV4cCI6MTcyNzE2NDA1OCwiaWF0IjoxNzI1OTU0NDU4LCJqdGkiOiI4ZGYxYjFiYmIwOTQ0YTNjYmVhNDBkZTNmYzFmOGU0NyIsInVzZXJfaWQiOjF9.d1587aiISr-iem7xYGmbj8QcyRrk_i1cAfejmuj4g_o	2024-09-10 15:47:38.514777+08	2024-09-24 15:47:38+08	1	8df1b1bbb0944a3cbea40de3fc1f8e47
15	eyJhbGciOiJIUzI1NiIsInR5cCI6IkpXVCJ9.eyJ0b2tlbl90eXBlIjoicmVmcmVzaCIsImV4cCI6MTcyNzE3MTU3MSwiaWF0IjoxNzI1OTYxOTcxLCJqdGkiOiI3YTY3NDQ3NzY2NTU0NDM3ODUxZjNmNmZlNGUxMTY3MiIsInVzZXJfaWQiOjF9.2dsQuc-TeX3umCixJFiqhhATGRt5EzDyUuUj6nQ4p2E	2024-09-10 17:52:51.220272+08	2024-09-24 17:52:51+08	1	7a67447766554437851f3f6fe4e11672
16	eyJhbGciOiJIUzI1NiIsInR5cCI6IkpXVCJ9.eyJ0b2tlbl90eXBlIjoicmVmcmVzaCIsImV4cCI6MTcyNzE3MTY5NCwiaWF0IjoxNzI1OTYyMDk0LCJqdGkiOiJkNTAxNDNiZDc0YWI0MGE1YmEwNjRiNDRiMGIzYjM3ZCIsInVzZXJfaWQiOjF9.aH6rBFE6y0lxyI9g-XW93rSXTOpSa7QIRrbzi3f3ZEk	2024-09-10 17:54:54.360601+08	2024-09-24 17:54:54+08	1	d50143bd74ab40a5ba064b44b0b3b37d
17	eyJhbGciOiJIUzI1NiIsInR5cCI6IkpXVCJ9.eyJ0b2tlbl90eXBlIjoicmVmcmVzaCIsImV4cCI6MTcyNzI0NTQ4MywiaWF0IjoxNzI2MDM1ODgzLCJqdGkiOiJlNWI0MzgwZDllMWI0NzgyYTA3NzUxMjIxYjdjYzRkOCIsInVzZXJfaWQiOjF9.4MdXBlUPTzV8Cz3tSg1xqNaR-MiKH1MuM80hMvi-Q6Q	2024-09-11 14:24:43.123535+08	2024-09-25 14:24:43+08	1	e5b4380d9e1b4782a07751221b7cc4d8
18	eyJhbGciOiJIUzI1NiIsInR5cCI6IkpXVCJ9.eyJ0b2tlbl90eXBlIjoicmVmcmVzaCIsImV4cCI6MTcyNzI1NjgzOSwiaWF0IjoxNzI2MDQ3MjM5LCJqdGkiOiJlOTE1OGY0Mzk2ZDg0MjRmOThkZDc5ZDAxZDI0NjJmYSIsInVzZXJfaWQiOjF9.jI7OCtK087f0utuowJcAbD6jGbCbgpHPUTiDleKX3UU	2024-09-11 17:33:59.118435+08	2024-09-25 17:33:59+08	1	e9158f4396d8424f98dd79d01d2462fa
19	eyJhbGciOiJIUzI1NiIsInR5cCI6IkpXVCJ9.eyJ0b2tlbl90eXBlIjoicmVmcmVzaCIsImV4cCI6MTcyNzI1Nzc2NywiaWF0IjoxNzI2MDQ4MTY3LCJqdGkiOiI1YjQ2ZjVjODUzM2U0MjYxYTg2Mjg4MDlhNDVmOWU0YyIsInVzZXJfaWQiOjJ9.xQ6dkkugWHAspvK927kojbIGMwiBh3f1i_phUtC1QXQ	2024-09-11 17:49:27.848965+08	2024-09-25 17:49:27+08	2	5b46f5c8533e4261a8628809a45f9e4c
20	eyJhbGciOiJIUzI1NiIsInR5cCI6IkpXVCJ9.eyJ0b2tlbl90eXBlIjoicmVmcmVzaCIsImV4cCI6MTcyNzMyNzU5MCwiaWF0IjoxNzI2MTE3OTkwLCJqdGkiOiI5ZjlmY2NmNmRlYmQ0YTIwOWM2NDgxYTVkMDI4YjIzOCIsInVzZXJfaWQiOjF9.ulFmAiAfJgWadG6pIQL4pBSbCuw6GuHn-4cy8XicMPw	2024-09-12 13:13:10.58226+08	2024-09-26 13:13:10+08	1	9f9fccf6debd4a209c6481a5d028b238
21	eyJhbGciOiJIUzI1NiIsInR5cCI6IkpXVCJ9.eyJ0b2tlbl90eXBlIjoicmVmcmVzaCIsImV4cCI6MTcyNzMyOTM3MiwiaWF0IjoxNzI2MTE5NzcyLCJqdGkiOiI0YzczN2NjYWU4OWE0NzJkODA2ZTQ3NWVjYTRiZWU3ZSIsInVzZXJfaWQiOjJ9.Wcd6KyJu1BoVHYavcuuseTh5_q6FnEewFa-fE6sjdfA	2024-09-12 13:42:52.712885+08	2024-09-26 13:42:52+08	2	4c737ccae89a472d806e475eca4bee7e
22	eyJhbGciOiJIUzI1NiIsInR5cCI6IkpXVCJ9.eyJ0b2tlbl90eXBlIjoicmVmcmVzaCIsImV4cCI6MTcyNzMzMTE4NywiaWF0IjoxNzI2MTIxNTg3LCJqdGkiOiIxNDU3MzEwZGNlMjU0YWRiOTQ0NzRhNDdhYzYzMTg5YSIsInVzZXJfaWQiOjJ9.KS72Yda12cEUxH6HgMVgBoy4pZUL8DbdD9YNcCbwiws	2024-09-12 14:13:07.84762+08	2024-09-26 14:13:07+08	2	1457310dce254adb94474a47ac63189a
23	eyJhbGciOiJIUzI1NiIsInR5cCI6IkpXVCJ9.eyJ0b2tlbl90eXBlIjoicmVmcmVzaCIsImV4cCI6MTcyNzQwMjcyMiwiaWF0IjoxNzI2MTkzMTIyLCJqdGkiOiI3ODYwNTAwNjhlNzA0YmUyYmJhN2M4ODc4Yzk3OWQzOSIsInVzZXJfaWQiOjF9.v0M9LYFlrCwWwyJUp5t22gYBnZjibAt_qHHznheTWs4	2024-09-13 10:05:22.399099+08	2024-09-27 10:05:22+08	1	786050068e704be2bba7c8878c979d39
24	eyJhbGciOiJIUzI1NiIsInR5cCI6IkpXVCJ9.eyJ0b2tlbl90eXBlIjoicmVmcmVzaCIsImV4cCI6MTcyNzQwMzk4OCwiaWF0IjoxNzI2MTk0Mzg4LCJqdGkiOiIyZTM5OWJlN2M4NWQ0YTEyYjRjNDdkOWQ3NjNiNDZjZSIsInVzZXJfaWQiOjJ9.UnAaSltRkwW9A04oWKVSLfg4CuU6MjrnDdpD3KXjfS8	2024-09-13 10:26:28.080862+08	2024-09-27 10:26:28+08	2	2e399be7c85d4a12b4c47d9d763b46ce
25	eyJhbGciOiJIUzI1NiIsInR5cCI6IkpXVCJ9.eyJ0b2tlbl90eXBlIjoicmVmcmVzaCIsImV4cCI6MTcyNzQxODk2NCwiaWF0IjoxNzI2MjA5MzY0LCJqdGkiOiI3ODRjYTRiMGI2MzU0NGM3OWU0YTljZjUzZTMwOTI5NiIsInVzZXJfaWQiOjJ9.-BTvm80SNLo44qpjv73XW-p9GMlTHzvNToqvLSSJjvk	2024-09-13 14:36:04.772028+08	2024-09-27 14:36:04+08	2	784ca4b0b63544c79e4a9cf53e309296
26	eyJhbGciOiJIUzI1NiIsInR5cCI6IkpXVCJ9.eyJ0b2tlbl90eXBlIjoicmVmcmVzaCIsImV4cCI6MTcyNzQxOTAwNywiaWF0IjoxNzI2MjA5NDA3LCJqdGkiOiIzMTFjYjYxMjc2YmU0MzQxYTE1OGEwODM0ZTExYjU0NSIsInVzZXJfaWQiOjF9.Lq-9vkkOgdMxy2ZuN9RvwMfJ7E1uKOucaPd1tDEwwzg	2024-09-13 14:36:47.720064+08	2024-09-27 14:36:47+08	1	311cb61276be4341a158a0834e11b545
27	eyJhbGciOiJIUzI1NiIsInR5cCI6IkpXVCJ9.eyJ0b2tlbl90eXBlIjoicmVmcmVzaCIsImV4cCI6MTcyNzQyMjgwNywiaWF0IjoxNzI2MjEzMjA3LCJqdGkiOiJmZTQwMmI4NzZhY2U0MmFlYjlhOTgxNTdjNzc2Njc2OCIsInVzZXJfaWQiOjF9.Yx8bgjAbe1DaABVbzkR9U5dZP_mUxTePsHMa2ZD8drU	2024-09-13 15:40:07.645311+08	2024-09-27 15:40:07+08	1	fe402b876ace42aeb9a98157c7766768
28	eyJhbGciOiJIUzI1NiIsInR5cCI6IkpXVCJ9.eyJ0b2tlbl90eXBlIjoicmVmcmVzaCIsImV4cCI6MTcyNzY1ODgxMSwiaWF0IjoxNzI2NDQ5MjExLCJqdGkiOiJkODQwNmZlMmVjMmQ0Y2E0YjM4OGY3YWU2YzAxOGUzZiIsInVzZXJfaWQiOjF9.KwVvGUID083FDJjnisGQLlbFudT4jyAiSZ8c7-shi2U	2024-09-16 09:13:31.273464+08	2024-09-30 09:13:31+08	1	d8406fe2ec2d4ca4b388f7ae6c018e3f
29	eyJhbGciOiJIUzI1NiIsInR5cCI6IkpXVCJ9.eyJ0b2tlbl90eXBlIjoicmVmcmVzaCIsImV4cCI6MTcyNzY2NDgyOSwiaWF0IjoxNzI2NDU1MjI5LCJqdGkiOiJlOGIzNjg1MDQ4MDc0ZWE5YmU3MDkxODhkZTFjOGY5YyIsInVzZXJfaWQiOjF9.Mm7arAe1YysQA9jxbftxZ80vnpJGv1jRy8l4ogDYWwk	2024-09-16 10:53:49.878166+08	2024-09-30 10:53:49+08	1	e8b3685048074ea9be709188de1c8f9c
30	eyJhbGciOiJIUzI1NiIsInR5cCI6IkpXVCJ9.eyJ0b2tlbl90eXBlIjoicmVmcmVzaCIsImV4cCI6MTcyNzY4MzQwMiwiaWF0IjoxNzI2NDczODAyLCJqdGkiOiJlNzM4NWQ3YjA5MjY0NTg1YTUzZGE1YTY3NmE1ZDAyZiIsInVzZXJfaWQiOjF9.W8WWJ_omYk0lSafdFlZq2Ffuv8n7IQsk3e-CoXHZYCU	2024-09-16 16:03:22.441863+08	2024-09-30 16:03:22+08	1	e7385d7b09264585a53da5a676a5d02f
31	eyJhbGciOiJIUzI1NiIsInR5cCI6IkpXVCJ9.eyJ0b2tlbl90eXBlIjoicmVmcmVzaCIsImV4cCI6MTcyNzg0MTI5MywiaWF0IjoxNzI2NjMxNjkzLCJqdGkiOiIxZTM0YTJiNjg4MWI0MjZmYTQxZDQwZDEwOTU2NWMwOSIsInVzZXJfaWQiOjF9.FhLHcZeBe2yIu6MUhc9JV8lkA7TWYLxRPprdrIWMmQI	2024-09-18 11:54:53.259658+08	2024-10-02 11:54:53+08	1	1e34a2b6881b426fa41d40d109565c09
32	eyJhbGciOiJIUzI1NiIsInR5cCI6IkpXVCJ9.eyJ0b2tlbl90eXBlIjoicmVmcmVzaCIsImV4cCI6MTcyNzkxODAwNSwiaWF0IjoxNzI2NzA4NDA1LCJqdGkiOiJjYzhhOThlYjQ5YTk0NDFjYmMyYzUwMTc3MWM3NjY2MSIsInVzZXJfaWQiOjF9.OEw9fv58dAZuvAh_6uZnQdOJNcP_Wshb-k_NsreXXPc	2024-09-19 09:13:25.519053+08	2024-10-03 09:13:25+08	1	cc8a98eb49a9441cbc2c501771c76661
33	eyJhbGciOiJIUzI1NiIsInR5cCI6IkpXVCJ9.eyJ0b2tlbl90eXBlIjoicmVmcmVzaCIsImV4cCI6MTcyNzkxODM3OCwiaWF0IjoxNzI2NzA4Nzc4LCJqdGkiOiJhNzQ3M2JiMTlmMGE0MGZmYWRlYjM5MzIxM2NjNmVkOSIsInVzZXJfaWQiOjJ9.BlV1EsoYEmIHQn6lSRUs35VRcm-NdKVMnkPM0B8yYp0	2024-09-19 09:19:38.265766+08	2024-10-03 09:19:38+08	2	a7473bb19f0a40ffadeb393213cc6ed9
34	eyJhbGciOiJIUzI1NiIsInR5cCI6IkpXVCJ9.eyJ0b2tlbl90eXBlIjoicmVmcmVzaCIsImV4cCI6MTcyNzkzNTI2MywiaWF0IjoxNzI2NzI1NjYzLCJqdGkiOiI1NTBmZGJlYmE0ZWQ0MTYzYTNiOTYzNzgxMTBjMWJmYyIsInVzZXJfaWQiOjJ9.n9ct5_FH4PekGR1ovbflzd7cq1B2tRez7Ml-dsJmEQk	2024-09-19 14:01:03.104044+08	2024-10-03 14:01:03+08	2	550fdbeba4ed4163a3b96378110c1bfc
35	eyJhbGciOiJIUzI1NiIsInR5cCI6IkpXVCJ9.eyJ0b2tlbl90eXBlIjoicmVmcmVzaCIsImV4cCI6MTcyNzk0MTIzMCwiaWF0IjoxNzI2NzMxNjMwLCJqdGkiOiJlZTlmYTRkZmI3YmM0NDhmOWZlMzJkNTYyMGRmMTAzNCIsInVzZXJfaWQiOjJ9.EnutOphEor380OWcSmwyYpuHjuzF3vkNbFXgcNfSA1w	2024-09-19 15:40:30.104239+08	2024-10-03 15:40:30+08	2	ee9fa4dfb7bc448f9fe32d5620df1034
36	eyJhbGciOiJIUzI1NiIsInR5cCI6IkpXVCJ9.eyJ0b2tlbl90eXBlIjoicmVmcmVzaCIsImV4cCI6MTcyNzk0NDM5NywiaWF0IjoxNzI2NzM0Nzk3LCJqdGkiOiI3MmZjMjFjYjM2NDM0OTVmYjIwMDExY2VjM2E5NWE4ZCIsInVzZXJfaWQiOjF9.GftzMmZwdgInweBKwv9OAGBvF63WONxxHP4yPw929Zs	2024-09-19 16:33:17.028041+08	2024-10-03 16:33:17+08	1	72fc21cb3643495fb20011cec3a95a8d
37	eyJhbGciOiJIUzI1NiIsInR5cCI6IkpXVCJ9.eyJ0b2tlbl90eXBlIjoicmVmcmVzaCIsImV4cCI6MTcyODAxMDk1OCwiaWF0IjoxNzI2ODAxMzU4LCJqdGkiOiI3YTIyYjkzYjFiN2Q0ZDlhYTdmZjE3YmQ0M2JlMjRmNCIsInVzZXJfaWQiOjJ9.HEtdZSnIVho0DWBeb3wneaL_m3NhsChWPOuJ_rIbZZM	2024-09-20 11:02:38.139083+08	2024-10-04 11:02:38+08	2	7a22b93b1b7d4d9aa7ff17bd43be24f4
38	eyJhbGciOiJIUzI1NiIsInR5cCI6IkpXVCJ9.eyJ0b2tlbl90eXBlIjoicmVmcmVzaCIsImV4cCI6MTcyODI2MzY1OCwiaWF0IjoxNzI3MDU0MDU4LCJqdGkiOiI5NjEyNTk0ZDYyNDM0MjRjOWQxYWNiM2I0NmQwYTk4NSIsInVzZXJfaWQiOjF9.enwzkeGAFS-15hBk8ahhm8NO8lJ8aNfOHWarowYAoWw	2024-09-23 09:14:18.525859+08	2024-10-07 09:14:18+08	1	9612594d6243424c9d1acb3b46d0a985
39	eyJhbGciOiJIUzI1NiIsInR5cCI6IkpXVCJ9.eyJ0b2tlbl90eXBlIjoicmVmcmVzaCIsImV4cCI6MTcyODI2MzczNSwiaWF0IjoxNzI3MDU0MTM1LCJqdGkiOiJmY2U2YmJjY2Y1Mzc0ODI0ODkwNjViM2Q0OTdiMTc3NyIsInVzZXJfaWQiOjJ9.iMSiBYD2yH5t_mXp9jvI6WMIHTLbIj5uT_GPVyepIW4	2024-09-23 09:15:35.418105+08	2024-10-07 09:15:35+08	2	fce6bbccf537482489065b3d497b1777
40	eyJhbGciOiJIUzI1NiIsInR5cCI6IkpXVCJ9.eyJ0b2tlbl90eXBlIjoicmVmcmVzaCIsImV4cCI6MTcyODI4MDU5NiwiaWF0IjoxNzI3MDcwOTk2LCJqdGkiOiJiYWE2MWUyZDEwMDU0NzVjYTY2Y2E2NjkyNWE3MGQwOSIsInVzZXJfaWQiOjF9.xKZk8Sq7F7k-epMYTIHGC65J8bhJ7zpdRqteUPWYNyw	2024-09-23 13:56:36.108282+08	2024-10-07 13:56:36+08	1	baa61e2d1005475ca66ca66925a70d09
41	eyJhbGciOiJIUzI1NiIsInR5cCI6IkpXVCJ9.eyJ0b2tlbl90eXBlIjoicmVmcmVzaCIsImV4cCI6MTcyODI4MjY4NCwiaWF0IjoxNzI3MDczMDg0LCJqdGkiOiI3NGI2YzIwMmE5NTM0ZTNkOTgxYTgwYmQ0MTc2ZTRkMyIsInVzZXJfaWQiOjJ9.jrzaJHAB7zO2VOxQytkWO3iH-fQChKsIAGHhVt_0E0U	2024-09-23 14:31:24.473897+08	2024-10-07 14:31:24+08	2	74b6c202a9534e3d981a80bd4176e4d3
42	eyJhbGciOiJIUzI1NiIsInR5cCI6IkpXVCJ9.eyJ0b2tlbl90eXBlIjoicmVmcmVzaCIsImV4cCI6MTcyODI5NTAwNCwiaWF0IjoxNzI3MDg1NDA0LCJqdGkiOiJiZDdiNTY0MmQ0ODg0MjVmYmIyYjliODA0ODNlZTQ2ZCIsInVzZXJfaWQiOjF9.qxkejui-7nGoIPmz4IzbHnEING3RvtuIJfFMqVljxCc	2024-09-23 17:56:44.692282+08	2024-10-07 17:56:44+08	1	bd7b5642d488425fbb2b9b80483ee46d
43	eyJhbGciOiJIUzI1NiIsInR5cCI6IkpXVCJ9.eyJ0b2tlbl90eXBlIjoicmVmcmVzaCIsImV4cCI6MTcyODM0OTgyMCwiaWF0IjoxNzI3MTQwMjIwLCJqdGkiOiI0OTJjODI2NTIwYWY0NzUxOWM1Njg4YzZlZDE3YzBjMCIsInVzZXJfaWQiOjF9.lv3lLezobxl8cJMq9d2X9E6fOXb0b-rIo2xVvX9jEUk	2024-09-24 09:10:20.22087+08	2024-10-08 09:10:20+08	1	492c826520af47519c5688c6ed17c0c0
44	eyJhbGciOiJIUzI1NiIsInR5cCI6IkpXVCJ9.eyJ0b2tlbl90eXBlIjoicmVmcmVzaCIsImV4cCI6MTcyODM1ODk3NCwiaWF0IjoxNzI3MTQ5Mzc0LCJqdGkiOiJhNDEwZDQxZDA0NGU0ZDU0OTllMmFkYzMxMDA2OTAwMiIsInVzZXJfaWQiOjJ9.LSNhNo4va8U-PDGnL05F8QIFLRI-kooMXzLVWz7eEqg	2024-09-24 11:42:54.052906+08	2024-10-08 11:42:54+08	2	a410d41d044e4d5499e2adc310069002
45	eyJhbGciOiJIUzI1NiIsInR5cCI6IkpXVCJ9.eyJ0b2tlbl90eXBlIjoicmVmcmVzaCIsImV4cCI6MTcyODM2NzAwOSwiaWF0IjoxNzI3MTU3NDA5LCJqdGkiOiJiNWVhNTM1ZDk5NjE0ZmQ3YTdjNzc3OGU4ZGI5YjQ0YyIsInVzZXJfaWQiOjF9.lhmEafavubAgP0doLdw45ZIjo9M2snVDPhkBhehqbbc	2024-09-24 13:56:49.214425+08	2024-10-08 13:56:49+08	1	b5ea535d99614fd7a7c7778e8db9b44c
46	eyJhbGciOiJIUzI1NiIsInR5cCI6IkpXVCJ9.eyJ0b2tlbl90eXBlIjoicmVmcmVzaCIsImV4cCI6MTcyODQ1MDU1NCwiaWF0IjoxNzI3MjQwOTU0LCJqdGkiOiI2NzQ2NGZjMGI2MTY0MzRkYjZmNTIxN2RhNzE1YTYxZSIsInVzZXJfaWQiOjF9.cFzQqrq5STgyLYcGlDpwr3MsLPlocRqQnOrhMiq9Ofs	2024-09-25 13:09:14.420251+08	2024-10-09 13:09:14+08	1	67464fc0b616434db6f5217da715a61e
47	eyJhbGciOiJIUzI1NiIsInR5cCI6IkpXVCJ9.eyJ0b2tlbl90eXBlIjoicmVmcmVzaCIsImV4cCI6MTcyODUyOTg5MCwiaWF0IjoxNzI3MzIwMjkwLCJqdGkiOiJmNDhmNjAyZTAxYjg0NGI0YmMzYTEzYmI1MGY4MzE0NiIsInVzZXJfaWQiOjF9.Jj1B-zRQK9lbEMDMjITaXHrKex5zQzwF7ifjuAo87cE	2024-09-26 11:11:30.413446+08	2024-10-10 11:11:30+08	1	f48f602e01b844b4bc3a13bb50f83146
48	eyJhbGciOiJIUzI1NiIsInR5cCI6IkpXVCJ9.eyJ0b2tlbl90eXBlIjoicmVmcmVzaCIsImV4cCI6MTcyODYzNTM4NCwiaWF0IjoxNzI3NDI1Nzg0LCJqdGkiOiJjZjIzOWY2OGVkOWI0NzBiOGE5ZGE1YjYyNzQ4OWE1YiIsInVzZXJfaWQiOjJ9.JzdSyTuyRJV-6jp3NBF-v3EC3Nrit0AwetP1Rf-Z8v8	2024-09-27 16:29:44.396395+08	2024-10-11 16:29:44+08	2	cf239f68ed9b470b8a9da5b627489a5b
49	eyJhbGciOiJIUzI1NiIsInR5cCI6IkpXVCJ9.eyJ0b2tlbl90eXBlIjoicmVmcmVzaCIsImV4cCI6MTcyODg2ODg2OCwiaWF0IjoxNzI3NjU5MjY4LCJqdGkiOiI2MGQ5MTY0MzMwOTI0NWQ2YmEzMjg5ZGE3MDkxMTQyNSIsInVzZXJfaWQiOjF9.th5rbXWHjCqp-lk7qZJ-4xR_Xb95WonJ8lwG_iGitsI	2024-09-30 09:21:08.650106+08	2024-10-14 09:21:08+08	1	60d91643309245d6ba3289da70911425
50	eyJhbGciOiJIUzI1NiIsInR5cCI6IkpXVCJ9.eyJ0b2tlbl90eXBlIjoicmVmcmVzaCIsImV4cCI6MTcyODg5OTgxMCwiaWF0IjoxNzI3NjkwMjEwLCJqdGkiOiIzYjliNWU0NmMwZTM0ZWM1OWNmNzkyMGRhZDk2ZjYzZCIsInVzZXJfaWQiOjF9.jDfRLUyy_yIVobe1YhnsvGfGMmIdBUtdLM6Bx9HyvHY	2024-09-30 17:56:50.926034+08	2024-10-14 17:56:50+08	1	3b9b5e46c0e34ec59cf7920dad96f63d
51	eyJhbGciOiJIUzI1NiIsInR5cCI6IkpXVCJ9.eyJ0b2tlbl90eXBlIjoicmVmcmVzaCIsImV4cCI6MTcyODk1NjQxMCwiaWF0IjoxNzI3NzQ2ODEwLCJqdGkiOiI0NzM5YjI2YzI4NzU0NDAyYTI2MzZkMjQ0NDVmNmUzOSIsInVzZXJfaWQiOjF9.i53SiL87bzBri7Bn5EWNIKBCFFfOyu5S-Bumhuhyuao	2024-10-01 09:40:10.513543+08	2024-10-15 09:40:10+08	1	4739b26c28754402a2636d24445f6e39
52	eyJhbGciOiJIUzI1NiIsInR5cCI6IkpXVCJ9.eyJ0b2tlbl90eXBlIjoicmVmcmVzaCIsImV4cCI6MTcyODk3ODUwMiwiaWF0IjoxNzI3NzY4OTAyLCJqdGkiOiJlZmRlNmQ2ODRhYWQ0YTgwYmM4Mzk4NzkxZTY2MmQxOSIsInVzZXJfaWQiOjJ9.qDznDPcLZsOGo2CwU5_m27HRObakzm__k0cX_RoeOb4	2024-10-01 15:48:22.275794+08	2024-10-15 15:48:22+08	2	efde6d684aad4a80bc8398791e662d19
53	eyJhbGciOiJIUzI1NiIsInR5cCI6IkpXVCJ9.eyJ0b2tlbl90eXBlIjoicmVmcmVzaCIsImV4cCI6MTcyOTIzOTE3OSwiaWF0IjoxNzI4MDI5NTc5LCJqdGkiOiJhM2RkMTE3NjZjOWI0MDNjYWRmY2YzMTFkYTk5YzAyYSIsInVzZXJfaWQiOjF9.ZNb-aXKU08UnYi6CBK5KYkhAV9BvffjgMVtiqBQr0GE	2024-10-04 16:12:59.230144+08	2024-10-18 16:12:59+08	1	a3dd11766c9b403cadfcf311da99c02a
54	eyJhbGciOiJIUzI1NiIsInR5cCI6IkpXVCJ9.eyJ0b2tlbl90eXBlIjoicmVmcmVzaCIsImV4cCI6MTcyOTQ5NzExNCwiaWF0IjoxNzI4Mjg3NTE0LCJqdGkiOiJjODk4OGNhYzM2ODU0OWE3YmQ2M2NiNzY5ZTAxOTc3MSIsInVzZXJfaWQiOjJ9.Uo-RRc1z1yP5qATRW3G_7nbvx0vmEcmo-MjhlOaifZ4	2024-10-07 15:51:54.614234+08	2024-10-21 15:51:54+08	2	c8988cac368549a7bd63cb769e019771
55	eyJhbGciOiJIUzI1NiIsInR5cCI6IkpXVCJ9.eyJ0b2tlbl90eXBlIjoicmVmcmVzaCIsImV4cCI6MTcyOTQ5Nzk2MSwiaWF0IjoxNzI4Mjg4MzYxLCJqdGkiOiJlNmZmY2Y0NmNkYjI0MDhkYjY1MTIwYjUxNDE5MjM2NiIsInVzZXJfaWQiOjF9.jvHrKbcJpyIdjAq-MDfLEY1HHGcyrI_9LWcwKXZ4IxA	2024-10-07 16:06:01.652553+08	2024-10-21 16:06:01+08	1	e6ffcf46cdb2408db65120b514192366
56	eyJhbGciOiJIUzI1NiIsInR5cCI6IkpXVCJ9.eyJ0b2tlbl90eXBlIjoicmVmcmVzaCIsImV4cCI6MTcyOTQ5ODE1OSwiaWF0IjoxNzI4Mjg4NTU5LCJqdGkiOiIxMzAzZjRiNzU0Zjc0NmQ4OWNmOTJhYjlmYmNhNDNkYSIsInVzZXJfaWQiOjJ9.V9xZ6tLXz-2o5RR_ReDUC8jtukc20zscBquReHHoHrk	2024-10-07 16:09:19.771862+08	2024-10-21 16:09:19+08	2	1303f4b754f746d89cf92ab9fbca43da
57	eyJhbGciOiJIUzI1NiIsInR5cCI6IkpXVCJ9.eyJ0b2tlbl90eXBlIjoicmVmcmVzaCIsImV4cCI6MTcyOTQ5ODM2NCwiaWF0IjoxNzI4Mjg4NzY0LCJqdGkiOiI1YTZjNzQ3ZDU5ZGE0MjRlYjNiMTJhZWU3MjE1ZDc3YyIsInVzZXJfaWQiOjF9.K6OTrMZKs53Wcsd3bGhhacNII5cKnALDi1_3ZFO-ssY	2024-10-07 16:12:44.923805+08	2024-10-21 16:12:44+08	1	5a6c747d59da424eb3b12aee7215d77c
58	eyJhbGciOiJIUzI1NiIsInR5cCI6IkpXVCJ9.eyJ0b2tlbl90eXBlIjoicmVmcmVzaCIsImV4cCI6MTcyOTU2OTU2MCwiaWF0IjoxNzI4MzU5OTYwLCJqdGkiOiIyNDJjNzFjOTdjODY0MmVkYWFkZTk2ODg1YmNmZmVlNSIsInVzZXJfaWQiOjF9.KEJvIB5rQjKDmMyWv88YYNTOLmTlN-NBrJ7wFzILTNo	2024-10-08 11:59:20.672103+08	2024-10-22 11:59:20+08	1	242c71c97c8642edaade96885bcffee5
59	eyJhbGciOiJIUzI1NiIsInR5cCI6IkpXVCJ9.eyJ0b2tlbl90eXBlIjoicmVmcmVzaCIsImV4cCI6MTcyOTU4Njc3NCwiaWF0IjoxNzI4Mzc3MTc0LCJqdGkiOiJjMTc2MDVhNzFkNWM0NTkyYWE4YjMzOGJjZDhiNjkxZCIsInVzZXJfaWQiOjF9.BtJiPJLd83yKSjT9MXFOlze2cq_Ny0wZmeNeLI4lq5k	2024-10-08 16:46:14.813961+08	2024-10-22 16:46:14+08	1	c17605a71d5c4592aa8b338bcd8b691d
60	eyJhbGciOiJIUzI1NiIsInR5cCI6IkpXVCJ9.eyJ0b2tlbl90eXBlIjoicmVmcmVzaCIsImV4cCI6MTcyOTY0NjY3MywiaWF0IjoxNzI4NDM3MDczLCJqdGkiOiJjMWVkM2UwMTBiMDY0Y2RmOWE4ZDFjNTY0NjM5MjMxZiIsInVzZXJfaWQiOjF9.haemE1kaDumzLiZ7BW_Vl6UFqbJnXh_jQVbT-GqppY0	2024-10-09 09:24:33.013691+08	2024-10-23 09:24:33+08	1	c1ed3e010b064cdf9a8d1c564639231f
61	eyJhbGciOiJIUzI1NiIsInR5cCI6IkpXVCJ9.eyJ0b2tlbl90eXBlIjoicmVmcmVzaCIsImV4cCI6MTcyOTY1MDIwOCwiaWF0IjoxNzI4NDQwNjA4LCJqdGkiOiI3ZmY4MjY3MWFlN2Q0OTA2ODg0ODkxNzhkNTVlYjRmZiIsInVzZXJfaWQiOjJ9.fX2YS5B_UB2BfOk7t7GOxIfqR8rZNmDuDIP4mDTZSLw	2024-10-09 10:23:28.973589+08	2024-10-23 10:23:28+08	2	7ff82671ae7d490688489178d55eb4ff
62	eyJhbGciOiJIUzI1NiIsInR5cCI6IkpXVCJ9.eyJ0b2tlbl90eXBlIjoicmVmcmVzaCIsImV4cCI6MTcyOTY1MDQ4NSwiaWF0IjoxNzI4NDQwODg1LCJqdGkiOiJkODk2OTQzY2YzYTY0YTFmOWZhODc3NWUyOWE5N2QzZCIsInVzZXJfaWQiOjF9.clVjmC24ju9E8YN7x7aFXJUv6vbyz323fvNrR2nGjvg	2024-10-09 10:28:05.540132+08	2024-10-23 10:28:05+08	1	d896943cf3a64a1f9fa8775e29a97d3d
63	eyJhbGciOiJIUzI1NiIsInR5cCI6IkpXVCJ9.eyJ0b2tlbl90eXBlIjoicmVmcmVzaCIsImV4cCI6MTcyOTY1MDg2MSwiaWF0IjoxNzI4NDQxMjYxLCJqdGkiOiI5ZTdkM2E3NWVkNmI0NGY1YWMwYmE1MjQxYTgyZjU3YSIsInVzZXJfaWQiOjJ9.Raz0miuYhQcB_b9YSbJH4hsgTrb9lp1LgNUge6hk-Ok	2024-10-09 10:34:21.169514+08	2024-10-23 10:34:21+08	2	9e7d3a75ed6b44f5ac0ba5241a82f57a
64	eyJhbGciOiJIUzI1NiIsInR5cCI6IkpXVCJ9.eyJ0b2tlbl90eXBlIjoicmVmcmVzaCIsImV4cCI6MTcyOTY1MTEzMywiaWF0IjoxNzI4NDQxNTMzLCJqdGkiOiIzOGQ5ZTJlMTk0ODk0ZTkzOTMyYzQ3ZDBkNDk5N2Q0YiIsInVzZXJfaWQiOjF9.EIqn9jTQeeG1wkJ1eptGLvqvAFJL2YZMl645ZFPRR3Y	2024-10-09 10:38:53.659583+08	2024-10-23 10:38:53+08	1	38d9e2e194894e93932c47d0d4997d4b
65	eyJhbGciOiJIUzI1NiIsInR5cCI6IkpXVCJ9.eyJ0b2tlbl90eXBlIjoicmVmcmVzaCIsImV4cCI6MTcyOTY1MTI3MiwiaWF0IjoxNzI4NDQxNjcyLCJqdGkiOiI2ZGQ4YWEyMzE5Yzc0OGNjOTJlYmQ0OGYzM2E0YWY5YSIsInVzZXJfaWQiOjJ9.gKdMWjx4qJ8MwayRwU2Wkz2GIVK_5ehQM355yJ0pXaY	2024-10-09 10:41:12.238641+08	2024-10-23 10:41:12+08	2	6dd8aa2319c748cc92ebd48f33a4af9a
66	eyJhbGciOiJIUzI1NiIsInR5cCI6IkpXVCJ9.eyJ0b2tlbl90eXBlIjoicmVmcmVzaCIsImV4cCI6MTcyOTY2NTcwOSwiaWF0IjoxNzI4NDU2MTA5LCJqdGkiOiI4MzMyMTU1MmZkOTM0NDJiYjM4N2RjMGE3NzYyYTVhNiIsInVzZXJfaWQiOjF9.CPKSGdbHx-ax_ZwpbNBJX-eZalLWMHg7nmdHLzET4ZE	2024-10-09 14:41:49.914858+08	2024-10-23 14:41:49+08	1	83321552fd93442bb387dc0a7762a5a6
67	eyJhbGciOiJIUzI1NiIsInR5cCI6IkpXVCJ9.eyJ0b2tlbl90eXBlIjoicmVmcmVzaCIsImV4cCI6MTcyOTgyMDEwNiwiaWF0IjoxNzI4NjEwNTA2LCJqdGkiOiI3YzRhZWFkMzJhOWM0N2IyOGRjOTQ3YmRkMWZkMzEzMiIsInVzZXJfaWQiOjF9.JWAEoV4G3EE1ce1Rs0np-eOLaqP6yh6McDxLaTowcio	2024-10-11 09:35:06.085531+08	2024-10-25 09:35:06+08	1	7c4aead32a9c47b28dc947bdd1fd3132
68	eyJhbGciOiJIUzI1NiIsInR5cCI6IkpXVCJ9.eyJ0b2tlbl90eXBlIjoicmVmcmVzaCIsImV4cCI6MTcyOTg0MjA1NSwiaWF0IjoxNzI4NjMyNDU1LCJqdGkiOiJiZjYwZDI3ZjRlZTA0ODNmODgwNjBiY2ZmNDBkYzdmYyIsInVzZXJfaWQiOjR9.ynK8vDlGnt8o5iDytUlOYvXg-1ZjVmLfWybuU50zbwA	2024-10-11 15:40:55.328787+08	2024-10-25 15:40:55+08	4	bf60d27f4ee0483f88060bcff40dc7fc
69	eyJhbGciOiJIUzI1NiIsInR5cCI6IkpXVCJ9.eyJ0b2tlbl90eXBlIjoicmVmcmVzaCIsImV4cCI6MTcyOTg0NTQwNiwiaWF0IjoxNzI4NjM1ODA2LCJqdGkiOiI5YjA4ZDUxNDZiZDk0MGExYjhjZmU5NWNiMjI1Mzc2MSIsInVzZXJfaWQiOjF9._trXGOizZ2h-6V2kDsXV4czCIGB4ryluGy5D1Vi8NbI	2024-10-11 16:36:46.322482+08	2024-10-25 16:36:46+08	1	9b08d5146bd940a1b8cfe95cb2253761
70	eyJhbGciOiJIUzI1NiIsInR5cCI6IkpXVCJ9.eyJ0b2tlbl90eXBlIjoicmVmcmVzaCIsImV4cCI6MTcyOTg0NTYwMCwiaWF0IjoxNzI4NjM2MDAwLCJqdGkiOiI1NzllYTU5MTkwODk0NmI1OThjM2Q0OTFiZjBmMTQ5YSIsInVzZXJfaWQiOjF9.9YifO4Qvuo38Ear6sLdRtdSVbKAIJkJv6K820vxmZco	2024-10-11 16:40:00.241635+08	2024-10-25 16:40:00+08	1	579ea591908946b598c3d491bf0f149a
71	eyJhbGciOiJIUzI1NiIsInR5cCI6IkpXVCJ9.eyJ0b2tlbl90eXBlIjoicmVmcmVzaCIsImV4cCI6MTcyOTg0NjY5NywiaWF0IjoxNzI4NjM3MDk3LCJqdGkiOiI5ZDM5M2RmNjVjZWY0MzQwODgyZmEwZWFmN2U3MDJlZSIsInVzZXJfaWQiOjJ9.upnLg4T_McEmV_2eVh8dsMP3fVP9Pm_KEcPJR9I6aD4	2024-10-11 16:58:17.264416+08	2024-10-25 16:58:17+08	2	9d393df65cef4340882fa0eaf7e702ee
72	eyJhbGciOiJIUzI1NiIsInR5cCI6IkpXVCJ9.eyJ0b2tlbl90eXBlIjoicmVmcmVzaCIsImV4cCI6MTczMDA5NjI0MiwiaWF0IjoxNzI4ODg2NjQyLCJqdGkiOiJiMDAzY2Q0OWQyYzU0YmVjYWYyMDA2YzcxMWYyNDg0ZiIsInVzZXJfaWQiOjF9.gYMQNDbs72LzuNeXEuO5hctX6RHrp0bdy3A-OwGtbYw	2024-10-14 14:17:22.31966+08	2024-10-28 14:17:22+08	1	b003cd49d2c54becaf2006c711f2484f
73	eyJhbGciOiJIUzI1NiIsInR5cCI6IkpXVCJ9.eyJ0b2tlbl90eXBlIjoicmVmcmVzaCIsImV4cCI6MTczMDE4MDU0MywiaWF0IjoxNzI4OTcwOTQzLCJqdGkiOiJlNWQ1M2Y3Y2M3NWM0MTE4ODliNTkwZjcxOTI1YWY3MyIsInVzZXJfaWQiOjF9.oSyiESRfHJN4G6rrkzr-OfvGdVEN9TlZvNfXN_MuGTM	2024-10-15 13:42:23.970755+08	2024-10-29 13:42:23+08	1	e5d53f7cc75c411889b590f71925af73
\.


--
-- Data for Name: userauths_user; Type: TABLE DATA; Schema: public; Owner: thlee
--

COPY public.userauths_user (id, password, last_login, is_superuser, first_name, last_name, is_staff, is_active, date_joined, username, email, full_name, phone, otp, reset_token, corp_id) FROM stdin;
2	pbkdf2_sha256$600000$6Ssgeqei21TSAFQpDyFOQs$Fd/pEnMDNd5nQiiPw4jbsx2X0QslnM15DJfiyuHpBZM=	\N	f			f	t	2024-09-06 16:00:46.449672+08	xumu8xuredenvelope	xumu8xuredenvelope@google.com	tzuhsi lee	0963050070	\N	\N	\N
1	pbkdf2_sha256$600000$dAhCCPBPQ7z35p1HkFcFNw$WQ57i8qFm4pj1yZM52OSqof0yaO8zNwZODkgwePYURk=	\N	f			f	t	2024-09-06 15:58:22.470668+08	tzuhsilee92	tzuhsilee92@gmail.com	tzuhsi lee	0963050070	\N	\N	\N
4	pbkdf2_sha256$600000$coFlCSker6FUThjaihCqDD$piTr/wcD7Z1ksPH1nsf8Bwm5OjqVUtTJ41SAro0r72E=	\N	f			f	t	2024-10-11 15:40:53.7654+08	handsomeboy	handsomeboy@gmail.com	Handsome Boy	0912345678	\N	\N	\N
\.


--
-- Data for Name: userauths_user_groups; Type: TABLE DATA; Schema: public; Owner: thlee
--

COPY public.userauths_user_groups (id, user_id, group_id) FROM stdin;
\.


--
-- Data for Name: userauths_user_user_permissions; Type: TABLE DATA; Schema: public; Owner: thlee
--

COPY public.userauths_user_user_permissions (id, user_id, permission_id) FROM stdin;
\.


--
-- Name: auth_group_id_seq; Type: SEQUENCE SET; Schema: public; Owner: thlee
--

SELECT pg_catalog.setval('public.auth_group_id_seq', 1, false);


--
-- Name: auth_group_permissions_id_seq; Type: SEQUENCE SET; Schema: public; Owner: thlee
--

SELECT pg_catalog.setval('public.auth_group_permissions_id_seq', 1, false);


--
-- Name: auth_permission_id_seq; Type: SEQUENCE SET; Schema: public; Owner: thlee
--

SELECT pg_catalog.setval('public.auth_permission_id_seq', 52, true);


--
-- Name: corps_corp_id_seq; Type: SEQUENCE SET; Schema: public; Owner: thlee
--

SELECT pg_catalog.setval('public.corps_corp_id_seq', 1, false);


--
-- Name: django_admin_log_id_seq; Type: SEQUENCE SET; Schema: public; Owner: thlee
--

SELECT pg_catalog.setval('public.django_admin_log_id_seq', 1, false);


--
-- Name: django_content_type_id_seq; Type: SEQUENCE SET; Schema: public; Owner: thlee
--

SELECT pg_catalog.setval('public.django_content_type_id_seq', 13, true);


--
-- Name: django_migrations_id_seq; Type: SEQUENCE SET; Schema: public; Owner: thlee
--

SELECT pg_catalog.setval('public.django_migrations_id_seq', 55, true);


--
-- Name: etfs_etf_id_seq; Type: SEQUENCE SET; Schema: public; Owner: thlee
--

SELECT pg_catalog.setval('public.etfs_etf_id_seq', 23, true);


--
-- Name: etfs_etfcategorytype_id_seq; Type: SEQUENCE SET; Schema: public; Owner: thlee
--

SELECT pg_catalog.setval('public.etfs_etfcategorytype_id_seq', 78, true);


--
-- Name: etfs_useretf_id_seq; Type: SEQUENCE SET; Schema: public; Owner: thlee
--

SELECT pg_catalog.setval('public.etfs_useretf_id_seq', 15, true);


--
-- Name: token_blacklist_blacklistedtoken_id_seq; Type: SEQUENCE SET; Schema: public; Owner: thlee
--

SELECT pg_catalog.setval('public.token_blacklist_blacklistedtoken_id_seq', 1, false);


--
-- Name: token_blacklist_outstandingtoken_id_seq; Type: SEQUENCE SET; Schema: public; Owner: thlee
--

SELECT pg_catalog.setval('public.token_blacklist_outstandingtoken_id_seq', 73, true);


--
-- Name: userauths_user_groups_id_seq; Type: SEQUENCE SET; Schema: public; Owner: thlee
--

SELECT pg_catalog.setval('public.userauths_user_groups_id_seq', 1, false);


--
-- Name: userauths_user_id_seq; Type: SEQUENCE SET; Schema: public; Owner: thlee
--

SELECT pg_catalog.setval('public.userauths_user_id_seq', 4, true);


--
-- Name: userauths_user_user_permissions_id_seq; Type: SEQUENCE SET; Schema: public; Owner: thlee
--

SELECT pg_catalog.setval('public.userauths_user_user_permissions_id_seq', 1, false);


--
-- Name: auth_group auth_group_name_key; Type: CONSTRAINT; Schema: public; Owner: thlee
--

ALTER TABLE ONLY public.auth_group
    ADD CONSTRAINT auth_group_name_key UNIQUE (name);


--
-- Name: auth_group_permissions auth_group_permissions_group_id_permission_id_0cd325b0_uniq; Type: CONSTRAINT; Schema: public; Owner: thlee
--

ALTER TABLE ONLY public.auth_group_permissions
    ADD CONSTRAINT auth_group_permissions_group_id_permission_id_0cd325b0_uniq UNIQUE (group_id, permission_id);


--
-- Name: auth_group_permissions auth_group_permissions_pkey; Type: CONSTRAINT; Schema: public; Owner: thlee
--

ALTER TABLE ONLY public.auth_group_permissions
    ADD CONSTRAINT auth_group_permissions_pkey PRIMARY KEY (id);


--
-- Name: auth_group auth_group_pkey; Type: CONSTRAINT; Schema: public; Owner: thlee
--

ALTER TABLE ONLY public.auth_group
    ADD CONSTRAINT auth_group_pkey PRIMARY KEY (id);


--
-- Name: auth_permission auth_permission_content_type_id_codename_01ab375a_uniq; Type: CONSTRAINT; Schema: public; Owner: thlee
--

ALTER TABLE ONLY public.auth_permission
    ADD CONSTRAINT auth_permission_content_type_id_codename_01ab375a_uniq UNIQUE (content_type_id, codename);


--
-- Name: auth_permission auth_permission_pkey; Type: CONSTRAINT; Schema: public; Owner: thlee
--

ALTER TABLE ONLY public.auth_permission
    ADD CONSTRAINT auth_permission_pkey PRIMARY KEY (id);


--
-- Name: corps_corp corps_corp_pkey; Type: CONSTRAINT; Schema: public; Owner: thlee
--

ALTER TABLE ONLY public.corps_corp
    ADD CONSTRAINT corps_corp_pkey PRIMARY KEY (id);


--
-- Name: django_admin_log django_admin_log_pkey; Type: CONSTRAINT; Schema: public; Owner: thlee
--

ALTER TABLE ONLY public.django_admin_log
    ADD CONSTRAINT django_admin_log_pkey PRIMARY KEY (id);


--
-- Name: django_content_type django_content_type_app_label_model_76bd3d3b_uniq; Type: CONSTRAINT; Schema: public; Owner: thlee
--

ALTER TABLE ONLY public.django_content_type
    ADD CONSTRAINT django_content_type_app_label_model_76bd3d3b_uniq UNIQUE (app_label, model);


--
-- Name: django_content_type django_content_type_pkey; Type: CONSTRAINT; Schema: public; Owner: thlee
--

ALTER TABLE ONLY public.django_content_type
    ADD CONSTRAINT django_content_type_pkey PRIMARY KEY (id);


--
-- Name: django_migrations django_migrations_pkey; Type: CONSTRAINT; Schema: public; Owner: thlee
--

ALTER TABLE ONLY public.django_migrations
    ADD CONSTRAINT django_migrations_pkey PRIMARY KEY (id);


--
-- Name: django_session django_session_pkey; Type: CONSTRAINT; Schema: public; Owner: thlee
--

ALTER TABLE ONLY public.django_session
    ADD CONSTRAINT django_session_pkey PRIMARY KEY (session_key);


--
-- Name: etfs_etf etfs_etf_code_key; Type: CONSTRAINT; Schema: public; Owner: thlee
--

ALTER TABLE ONLY public.etfs_etf
    ADD CONSTRAINT etfs_etf_code_key UNIQUE (code);


--
-- Name: etfs_etf etfs_etf_name_key; Type: CONSTRAINT; Schema: public; Owner: thlee
--

ALTER TABLE ONLY public.etfs_etf
    ADD CONSTRAINT etfs_etf_name_key UNIQUE (name);


--
-- Name: etfs_etf etfs_etf_pkey; Type: CONSTRAINT; Schema: public; Owner: thlee
--

ALTER TABLE ONLY public.etfs_etf
    ADD CONSTRAINT etfs_etf_pkey PRIMARY KEY (id);


--
-- Name: etfs_etfcategorytype etfs_etfcategorytype_pkey; Type: CONSTRAINT; Schema: public; Owner: thlee
--

ALTER TABLE ONLY public.etfs_etfcategorytype
    ADD CONSTRAINT etfs_etfcategorytype_pkey PRIMARY KEY (id);


--
-- Name: etfs_etfcategorytype etfs_etfcategorytype_subcategory_code_key; Type: CONSTRAINT; Schema: public; Owner: thlee
--

ALTER TABLE ONLY public.etfs_etfcategorytype
    ADD CONSTRAINT etfs_etfcategorytype_subcategory_code_key UNIQUE (subcategory_code);


--
-- Name: etfs_useretf etfs_useretf_pkey; Type: CONSTRAINT; Schema: public; Owner: thlee
--

ALTER TABLE ONLY public.etfs_useretf
    ADD CONSTRAINT etfs_useretf_pkey PRIMARY KEY (id);


--
-- Name: etfs_useretf etfs_useretf_transaction_number_key; Type: CONSTRAINT; Schema: public; Owner: thlee
--

ALTER TABLE ONLY public.etfs_useretf
    ADD CONSTRAINT etfs_useretf_transaction_number_key UNIQUE (transaction_number);


--
-- Name: etfs_useretf etfs_useretf_user_id_etf_id_joined_date_79c72003_uniq; Type: CONSTRAINT; Schema: public; Owner: thlee
--

ALTER TABLE ONLY public.etfs_useretf
    ADD CONSTRAINT etfs_useretf_user_id_etf_id_joined_date_79c72003_uniq UNIQUE (user_id, etf_id, joined_date);


--
-- Name: token_blacklist_blacklistedtoken token_blacklist_blacklistedtoken_pkey; Type: CONSTRAINT; Schema: public; Owner: thlee
--

ALTER TABLE ONLY public.token_blacklist_blacklistedtoken
    ADD CONSTRAINT token_blacklist_blacklistedtoken_pkey PRIMARY KEY (id);


--
-- Name: token_blacklist_blacklistedtoken token_blacklist_blacklistedtoken_token_id_key; Type: CONSTRAINT; Schema: public; Owner: thlee
--

ALTER TABLE ONLY public.token_blacklist_blacklistedtoken
    ADD CONSTRAINT token_blacklist_blacklistedtoken_token_id_key UNIQUE (token_id);


--
-- Name: token_blacklist_outstandingtoken token_blacklist_outstandingtoken_jti_hex_d9bdf6f7_uniq; Type: CONSTRAINT; Schema: public; Owner: thlee
--

ALTER TABLE ONLY public.token_blacklist_outstandingtoken
    ADD CONSTRAINT token_blacklist_outstandingtoken_jti_hex_d9bdf6f7_uniq UNIQUE (jti);


--
-- Name: token_blacklist_outstandingtoken token_blacklist_outstandingtoken_pkey; Type: CONSTRAINT; Schema: public; Owner: thlee
--

ALTER TABLE ONLY public.token_blacklist_outstandingtoken
    ADD CONSTRAINT token_blacklist_outstandingtoken_pkey PRIMARY KEY (id);


--
-- Name: userauths_user userauths_user_email_key; Type: CONSTRAINT; Schema: public; Owner: thlee
--

ALTER TABLE ONLY public.userauths_user
    ADD CONSTRAINT userauths_user_email_key UNIQUE (email);


--
-- Name: userauths_user_groups userauths_user_groups_pkey; Type: CONSTRAINT; Schema: public; Owner: thlee
--

ALTER TABLE ONLY public.userauths_user_groups
    ADD CONSTRAINT userauths_user_groups_pkey PRIMARY KEY (id);


--
-- Name: userauths_user_groups userauths_user_groups_user_id_group_id_e032b670_uniq; Type: CONSTRAINT; Schema: public; Owner: thlee
--

ALTER TABLE ONLY public.userauths_user_groups
    ADD CONSTRAINT userauths_user_groups_user_id_group_id_e032b670_uniq UNIQUE (user_id, group_id);


--
-- Name: userauths_user userauths_user_pkey; Type: CONSTRAINT; Schema: public; Owner: thlee
--

ALTER TABLE ONLY public.userauths_user
    ADD CONSTRAINT userauths_user_pkey PRIMARY KEY (id);


--
-- Name: userauths_user_user_permissions userauths_user_user_perm_user_id_permission_id_5423ee7a_uniq; Type: CONSTRAINT; Schema: public; Owner: thlee
--

ALTER TABLE ONLY public.userauths_user_user_permissions
    ADD CONSTRAINT userauths_user_user_perm_user_id_permission_id_5423ee7a_uniq UNIQUE (user_id, permission_id);


--
-- Name: userauths_user_user_permissions userauths_user_user_permissions_pkey; Type: CONSTRAINT; Schema: public; Owner: thlee
--

ALTER TABLE ONLY public.userauths_user_user_permissions
    ADD CONSTRAINT userauths_user_user_permissions_pkey PRIMARY KEY (id);


--
-- Name: userauths_user userauths_user_username_key; Type: CONSTRAINT; Schema: public; Owner: thlee
--

ALTER TABLE ONLY public.userauths_user
    ADD CONSTRAINT userauths_user_username_key UNIQUE (username);


--
-- Name: auth_group_name_a6ea08ec_like; Type: INDEX; Schema: public; Owner: thlee
--

CREATE INDEX auth_group_name_a6ea08ec_like ON public.auth_group USING btree (name varchar_pattern_ops);


--
-- Name: auth_group_permissions_group_id_b120cbf9; Type: INDEX; Schema: public; Owner: thlee
--

CREATE INDEX auth_group_permissions_group_id_b120cbf9 ON public.auth_group_permissions USING btree (group_id);


--
-- Name: auth_group_permissions_permission_id_84c5c92e; Type: INDEX; Schema: public; Owner: thlee
--

CREATE INDEX auth_group_permissions_permission_id_84c5c92e ON public.auth_group_permissions USING btree (permission_id);


--
-- Name: auth_permission_content_type_id_2f476e4b; Type: INDEX; Schema: public; Owner: thlee
--

CREATE INDEX auth_permission_content_type_id_2f476e4b ON public.auth_permission USING btree (content_type_id);


--
-- Name: corps_corp_owner_id_2db79c27; Type: INDEX; Schema: public; Owner: thlee
--

CREATE INDEX corps_corp_owner_id_2db79c27 ON public.corps_corp USING btree (owner_id);


--
-- Name: django_admin_log_content_type_id_c4bce8eb; Type: INDEX; Schema: public; Owner: thlee
--

CREATE INDEX django_admin_log_content_type_id_c4bce8eb ON public.django_admin_log USING btree (content_type_id);


--
-- Name: django_admin_log_user_id_c564eba6; Type: INDEX; Schema: public; Owner: thlee
--

CREATE INDEX django_admin_log_user_id_c564eba6 ON public.django_admin_log USING btree (user_id);


--
-- Name: django_session_expire_date_a5c62663; Type: INDEX; Schema: public; Owner: thlee
--

CREATE INDEX django_session_expire_date_a5c62663 ON public.django_session USING btree (expire_date);


--
-- Name: django_session_session_key_c0390e0f_like; Type: INDEX; Schema: public; Owner: thlee
--

CREATE INDEX django_session_session_key_c0390e0f_like ON public.django_session USING btree (session_key varchar_pattern_ops);


--
-- Name: etfs_etf_category_id_130b2017; Type: INDEX; Schema: public; Owner: thlee
--

CREATE INDEX etfs_etf_category_id_130b2017 ON public.etfs_etf USING btree (category_id);


--
-- Name: etfs_etf_category_id_130b2017_like; Type: INDEX; Schema: public; Owner: thlee
--

CREATE INDEX etfs_etf_category_id_130b2017_like ON public.etfs_etf USING btree (category_id varchar_pattern_ops);


--
-- Name: etfs_etf_code_1549e851_like; Type: INDEX; Schema: public; Owner: thlee
--

CREATE INDEX etfs_etf_code_1549e851_like ON public.etfs_etf USING btree (code varchar_pattern_ops);


--
-- Name: etfs_etf_creator_id_12778867; Type: INDEX; Schema: public; Owner: thlee
--

CREATE INDEX etfs_etf_creator_id_12778867 ON public.etfs_etf USING btree (creator_id);


--
-- Name: etfs_etf_name_11abdaba_like; Type: INDEX; Schema: public; Owner: thlee
--

CREATE INDEX etfs_etf_name_11abdaba_like ON public.etfs_etf USING btree (name varchar_pattern_ops);


--
-- Name: etfs_etfcategorytype_subcategory_code_8e43a7d1_like; Type: INDEX; Schema: public; Owner: thlee
--

CREATE INDEX etfs_etfcategorytype_subcategory_code_8e43a7d1_like ON public.etfs_etfcategorytype USING btree (subcategory_code varchar_pattern_ops);


--
-- Name: etfs_useretf_etf_id_03b3d3c0; Type: INDEX; Schema: public; Owner: thlee
--

CREATE INDEX etfs_useretf_etf_id_03b3d3c0 ON public.etfs_useretf USING btree (etf_id);


--
-- Name: etfs_useretf_user_id_6c77dffb; Type: INDEX; Schema: public; Owner: thlee
--

CREATE INDEX etfs_useretf_user_id_6c77dffb ON public.etfs_useretf USING btree (user_id);


--
-- Name: token_blacklist_outstandingtoken_jti_hex_d9bdf6f7_like; Type: INDEX; Schema: public; Owner: thlee
--

CREATE INDEX token_blacklist_outstandingtoken_jti_hex_d9bdf6f7_like ON public.token_blacklist_outstandingtoken USING btree (jti varchar_pattern_ops);


--
-- Name: token_blacklist_outstandingtoken_user_id_83bc629a; Type: INDEX; Schema: public; Owner: thlee
--

CREATE INDEX token_blacklist_outstandingtoken_user_id_83bc629a ON public.token_blacklist_outstandingtoken USING btree (user_id);


--
-- Name: userauths_user_corp_id_9e263146; Type: INDEX; Schema: public; Owner: thlee
--

CREATE INDEX userauths_user_corp_id_9e263146 ON public.userauths_user USING btree (corp_id);


--
-- Name: userauths_user_email_5e5b59e6_like; Type: INDEX; Schema: public; Owner: thlee
--

CREATE INDEX userauths_user_email_5e5b59e6_like ON public.userauths_user USING btree (email varchar_pattern_ops);


--
-- Name: userauths_user_groups_group_id_2bd3d457; Type: INDEX; Schema: public; Owner: thlee
--

CREATE INDEX userauths_user_groups_group_id_2bd3d457 ON public.userauths_user_groups USING btree (group_id);


--
-- Name: userauths_user_groups_user_id_70ad3415; Type: INDEX; Schema: public; Owner: thlee
--

CREATE INDEX userauths_user_groups_user_id_70ad3415 ON public.userauths_user_groups USING btree (user_id);


--
-- Name: userauths_user_user_permissions_permission_id_0e980ebe; Type: INDEX; Schema: public; Owner: thlee
--

CREATE INDEX userauths_user_user_permissions_permission_id_0e980ebe ON public.userauths_user_user_permissions USING btree (permission_id);


--
-- Name: userauths_user_user_permissions_user_id_7dc84ca3; Type: INDEX; Schema: public; Owner: thlee
--

CREATE INDEX userauths_user_user_permissions_user_id_7dc84ca3 ON public.userauths_user_user_permissions USING btree (user_id);


--
-- Name: userauths_user_username_e44feab8_like; Type: INDEX; Schema: public; Owner: thlee
--

CREATE INDEX userauths_user_username_e44feab8_like ON public.userauths_user USING btree (username varchar_pattern_ops);


--
-- Name: auth_group_permissions auth_group_permissio_permission_id_84c5c92e_fk_auth_perm; Type: FK CONSTRAINT; Schema: public; Owner: thlee
--

ALTER TABLE ONLY public.auth_group_permissions
    ADD CONSTRAINT auth_group_permissio_permission_id_84c5c92e_fk_auth_perm FOREIGN KEY (permission_id) REFERENCES public.auth_permission(id) DEFERRABLE INITIALLY DEFERRED;


--
-- Name: auth_group_permissions auth_group_permissions_group_id_b120cbf9_fk_auth_group_id; Type: FK CONSTRAINT; Schema: public; Owner: thlee
--

ALTER TABLE ONLY public.auth_group_permissions
    ADD CONSTRAINT auth_group_permissions_group_id_b120cbf9_fk_auth_group_id FOREIGN KEY (group_id) REFERENCES public.auth_group(id) DEFERRABLE INITIALLY DEFERRED;


--
-- Name: auth_permission auth_permission_content_type_id_2f476e4b_fk_django_co; Type: FK CONSTRAINT; Schema: public; Owner: thlee
--

ALTER TABLE ONLY public.auth_permission
    ADD CONSTRAINT auth_permission_content_type_id_2f476e4b_fk_django_co FOREIGN KEY (content_type_id) REFERENCES public.django_content_type(id) DEFERRABLE INITIALLY DEFERRED;


--
-- Name: corps_corp corps_corp_owner_id_2db79c27_fk_userauths_user_id; Type: FK CONSTRAINT; Schema: public; Owner: thlee
--

ALTER TABLE ONLY public.corps_corp
    ADD CONSTRAINT corps_corp_owner_id_2db79c27_fk_userauths_user_id FOREIGN KEY (owner_id) REFERENCES public.userauths_user(id) DEFERRABLE INITIALLY DEFERRED;


--
-- Name: django_admin_log django_admin_log_content_type_id_c4bce8eb_fk_django_co; Type: FK CONSTRAINT; Schema: public; Owner: thlee
--

ALTER TABLE ONLY public.django_admin_log
    ADD CONSTRAINT django_admin_log_content_type_id_c4bce8eb_fk_django_co FOREIGN KEY (content_type_id) REFERENCES public.django_content_type(id) DEFERRABLE INITIALLY DEFERRED;


--
-- Name: django_admin_log django_admin_log_user_id_c564eba6_fk_userauths_user_id; Type: FK CONSTRAINT; Schema: public; Owner: thlee
--

ALTER TABLE ONLY public.django_admin_log
    ADD CONSTRAINT django_admin_log_user_id_c564eba6_fk_userauths_user_id FOREIGN KEY (user_id) REFERENCES public.userauths_user(id) DEFERRABLE INITIALLY DEFERRED;


--
-- Name: etfs_etf etfs_etf_category_id_130b2017_fk_etfs_etfc; Type: FK CONSTRAINT; Schema: public; Owner: thlee
--

ALTER TABLE ONLY public.etfs_etf
    ADD CONSTRAINT etfs_etf_category_id_130b2017_fk_etfs_etfc FOREIGN KEY (category_id) REFERENCES public.etfs_etfcategorytype(subcategory_code) DEFERRABLE INITIALLY DEFERRED;


--
-- Name: etfs_etf etfs_etf_creator_id_12778867_fk_userauths_user_id; Type: FK CONSTRAINT; Schema: public; Owner: thlee
--

ALTER TABLE ONLY public.etfs_etf
    ADD CONSTRAINT etfs_etf_creator_id_12778867_fk_userauths_user_id FOREIGN KEY (creator_id) REFERENCES public.userauths_user(id) DEFERRABLE INITIALLY DEFERRED;


--
-- Name: etfs_useretf etfs_useretf_etf_id_03b3d3c0_fk_etfs_etf_id; Type: FK CONSTRAINT; Schema: public; Owner: thlee
--

ALTER TABLE ONLY public.etfs_useretf
    ADD CONSTRAINT etfs_useretf_etf_id_03b3d3c0_fk_etfs_etf_id FOREIGN KEY (etf_id) REFERENCES public.etfs_etf(id) DEFERRABLE INITIALLY DEFERRED;


--
-- Name: etfs_useretf etfs_useretf_user_id_6c77dffb_fk_userauths_user_id; Type: FK CONSTRAINT; Schema: public; Owner: thlee
--

ALTER TABLE ONLY public.etfs_useretf
    ADD CONSTRAINT etfs_useretf_user_id_6c77dffb_fk_userauths_user_id FOREIGN KEY (user_id) REFERENCES public.userauths_user(id) DEFERRABLE INITIALLY DEFERRED;


--
-- Name: token_blacklist_blacklistedtoken token_blacklist_blacklistedtoken_token_id_3cc7fe56_fk; Type: FK CONSTRAINT; Schema: public; Owner: thlee
--

ALTER TABLE ONLY public.token_blacklist_blacklistedtoken
    ADD CONSTRAINT token_blacklist_blacklistedtoken_token_id_3cc7fe56_fk FOREIGN KEY (token_id) REFERENCES public.token_blacklist_outstandingtoken(id) DEFERRABLE INITIALLY DEFERRED;


--
-- Name: token_blacklist_outstandingtoken token_blacklist_outs_user_id_83bc629a_fk_userauths; Type: FK CONSTRAINT; Schema: public; Owner: thlee
--

ALTER TABLE ONLY public.token_blacklist_outstandingtoken
    ADD CONSTRAINT token_blacklist_outs_user_id_83bc629a_fk_userauths FOREIGN KEY (user_id) REFERENCES public.userauths_user(id) DEFERRABLE INITIALLY DEFERRED;


--
-- Name: userauths_user userauths_user_corp_id_9e263146_fk_corps_corp_id; Type: FK CONSTRAINT; Schema: public; Owner: thlee
--

ALTER TABLE ONLY public.userauths_user
    ADD CONSTRAINT userauths_user_corp_id_9e263146_fk_corps_corp_id FOREIGN KEY (corp_id) REFERENCES public.corps_corp(id) DEFERRABLE INITIALLY DEFERRED;


--
-- Name: userauths_user_groups userauths_user_groups_group_id_2bd3d457_fk_auth_group_id; Type: FK CONSTRAINT; Schema: public; Owner: thlee
--

ALTER TABLE ONLY public.userauths_user_groups
    ADD CONSTRAINT userauths_user_groups_group_id_2bd3d457_fk_auth_group_id FOREIGN KEY (group_id) REFERENCES public.auth_group(id) DEFERRABLE INITIALLY DEFERRED;


--
-- Name: userauths_user_groups userauths_user_groups_user_id_70ad3415_fk_userauths_user_id; Type: FK CONSTRAINT; Schema: public; Owner: thlee
--

ALTER TABLE ONLY public.userauths_user_groups
    ADD CONSTRAINT userauths_user_groups_user_id_70ad3415_fk_userauths_user_id FOREIGN KEY (user_id) REFERENCES public.userauths_user(id) DEFERRABLE INITIALLY DEFERRED;


--
-- Name: userauths_user_user_permissions userauths_user_user__permission_id_0e980ebe_fk_auth_perm; Type: FK CONSTRAINT; Schema: public; Owner: thlee
--

ALTER TABLE ONLY public.userauths_user_user_permissions
    ADD CONSTRAINT userauths_user_user__permission_id_0e980ebe_fk_auth_perm FOREIGN KEY (permission_id) REFERENCES public.auth_permission(id) DEFERRABLE INITIALLY DEFERRED;


--
-- Name: userauths_user_user_permissions userauths_user_user__user_id_7dc84ca3_fk_userauths; Type: FK CONSTRAINT; Schema: public; Owner: thlee
--

ALTER TABLE ONLY public.userauths_user_user_permissions
    ADD CONSTRAINT userauths_user_user__user_id_7dc84ca3_fk_userauths FOREIGN KEY (user_id) REFERENCES public.userauths_user(id) DEFERRABLE INITIALLY DEFERRED;


--
-- PostgreSQL database dump complete
--

